;DATASOURCE;LOGSYS;OBJVERS;SEGID;POSIT;FIELDNM;DATATYPE;  LENG;DECIMALS;TXTLG
;2LIS_02_ITM;P93_050;A; 0001; 0001;ROCANCEL;CHAR;000001;  000000;Indicator: Cancel Data Record
;2LIS_02_ITM;P93_050;A; 0001; 0002;BEDAT;DATS;000008;  000000;Purchasing Document Date
;2LIS_02_ITM;P93_050;A; 0001; 0003;BSART;CHAR;000004;  000000;Purchasing Document Type
;2LIS_02_ITM;P93_050;A; 0001; 0004;BSTYP;CHAR;000001;  000000;Purchasing Document Category
;2LIS_02_ITM;P93_050;A; 0001; 0005;BUDAT;DATS;000008;  000000;Posting date of goods received or invoice receipt for order
;2LIS_02_ITM;P93_050;A; 0001; 0006;EBELN;CHAR;000010;  000000;Purchasing Document Number
;2LIS_02_ITM;P93_050;A; 0001; 0007;EKGRP;CHAR;000003;  000000;Purchasing Group
;2LIS_02_ITM;P93_050;A; 0001; 0008;EKORG;CHAR;000004;  000000;Purchasing Organization
;2LIS_02_ITM;P93_050;A; 0001; 0009;HWAER;CUKY;000005;  000000;Local Currency
;2LIS_02_ITM;P93_050;A; 0001; 0010;KDATB;DATS;000008;  000000;Start of Validity Period
;2LIS_02_ITM;P93_050;A; 0001; 0011;KDATE;DATS;000008;  000000;End of Validity Period
;2LIS_02_ITM;P93_050;A; 0001; 0012;LBLIF;CHAR;000010;  000000;Field not used
;2LIS_02_ITM;P93_050;A; 0001; 0013;LIFNR;CHAR;000010;  000000;Vendor Account Number
;2LIS_02_ITM;P93_050;A; 0001; 0014;LIFRE;CHAR;000010;  000000;Different Invoicing Party
;2LIS_02_ITM;P93_050;A; 0001; 0015;LLIEF;CHAR;000010;  000000;Supplying Vendor
;2LIS_02_ITM;P93_050;A; 0001; 0016;LOGSY;CHAR;000010;  000000;Logical System
;2LIS_02_ITM;P93_050;A; 0001; 0017;ORGLOGSY;CHAR;000010;  000000;Logical System
;2LIS_02_ITM;P93_050;A; 0001; 0018;RESWK;CHAR;000004;  000000;Supplying (Issuing) Plant in Stock Transport Order
;2LIS_02_ITM;P93_050;A; 0001; 0019;STATU;CHAR;000001;  000000;Status of Purchasing Document
;2LIS_02_ITM;P93_050;A; 0001; 0020;SYDAT;DATS;000008;  000000;Date on which the purchasing document was entered
;2LIS_02_ITM;P93_050;A; 0001; 0021;WAERS;CUKY;000005;  000000;Purchase order currency
;2LIS_02_ITM;P93_050;A; 0001; 0022;WKURS;DEC;000009;  000005;Exchange Rate
;2LIS_02_ITM;P93_050;A; 0001; 0023;BRSCH;CHAR;000004;  000000;Industry key
;2LIS_02_ITM;P93_050;A; 0001; 0024;BSAKZ;CHAR;000001;  000000;Control indicator for purchasing document type
;2LIS_02_ITM;P93_050;A; 0001; 0025;BUKRS;CHAR;000004;  000000;Company Code
;2LIS_02_ITM;P93_050;A; 0001; 0026;FRGRL;CHAR;000001;  000000;Release Not Yet Completely Effected
;2LIS_02_ITM;P93_050;A; 0001; 0027;KUFIX;CHAR;000001;  000000;Indicator: Fixing of Exchange Rate
;2LIS_02_ITM;P93_050;A; 0001; 0028;KUNNR;CHAR;000010;  000000;Customer Number
;2LIS_02_ITM;P93_050;A; 0001; 0029;MEMORY;CHAR;000001;  000000;Purchase order not yet complete
;2LIS_02_ITM;P93_050;A; 0001; 0030;AFNAM;CHAR;000012;  000000;Name of Requisitioner/Requester
;2LIS_02_ITM;P93_050;A; 0001; 0031;AKTNR;CHAR;000010;  000000;Promotion
;2LIS_02_ITM;P93_050;A; 0001; 0032;AKTWE;QUAN;000013;  000003;Current goods receipt quantity in order unit
;2LIS_02_ITM;P93_050;A; 0001; 0033;ALAV;DEC;000003;  000000;Points score: Shipping notif. GR date - notified date
;2LIS_02_ITM;P93_050;A; 0001; 0034;ALIEF;DEC;000009;  000000;Number of deliveries
;2LIS_02_ITM;P93_050;A; 0001; 0035;BSGRU;CHAR;000003;  000000;Reason for Ordering
;2LIS_02_ITM;P93_050;A; 0001; 0036;BWAPPLNM;CHAR;000030;  000000;Application Component
;2LIS_02_ITM;P93_050;A; 0001; 0037;BWVORG;NUMC;000003;  000000;SAP BW transaction key
;2LIS_02_ITM;P93_050;A; 0001; 0038;EBELP;NUMC;000005;  000000;Item Number of Purchasing Document
;2LIS_02_ITM;P93_050;A; 0001; 0039;ELIKZ;CHAR;000001;  000000;"Delivery Completed" Indicator
;2LIS_02_ITM;P93_050;A; 0001; 0040;EMATN;CHAR;000018;  000000;Material Number
;2LIS_02_ITM;P93_050;A; 0001; 0041;EREKZ;CHAR;000001;  000000;Final Invoice Indicator
;2LIS_02_ITM;P93_050;A; 0001; 0042;KONNR;CHAR;000010;  000000;Number of Principal Purchase Agreement
;2LIS_02_ITM;P93_050;A; 0001; 0043;KTMNG;QUAN;000013;  000003;Target Quantity
;2LIS_02_ITM;P93_050;A; 0001; 0044;KTPNR;NUMC;000005;  000000;Item Number of Principal Purchase Agreement
;2LIS_02_ITM;P93_050;A; 0001; 0045;KZMAB;CHAR;000001;  000000;Indicator: relevant quantity deviation
;2LIS_02_ITM;P93_050;A; 0001; 0046;KZPOS;CHAR;000001;  000000;Indicator: item counter relevant (R/2->R/3 link, schd.agmt)
;2LIS_02_ITM;P93_050;A; 0001; 0047;KZTAB;CHAR;000001;  000000;Indicator: relevant schedule deviation
;2LIS_02_ITM;P93_050;A; 0001; 0048;LAVI;DEC;000003;  000000;Points score: Shipping notification
;2LIS_02_ITM;P93_050;A; 0001; 0049;LFZTA;DEC;000013;  000000;Total delivery time in days
;2LIS_02_ITM;P93_050;A; 0001; 0050;LGORT;CHAR;000004;  000000;Storage Location
;2LIS_02_ITM;P93_050;A; 0001; 0051;LMEIN;UNIT;000003;  000000;Base Unit of Measure
;2LIS_02_ITM;P93_050;A; 0001; 0052;MABW;DEC;000006;  000002;Variance in the quantity delivered as %
;2LIS_02_ITM;P93_050;A; 0001; 0053;MATKL;CHAR;000009;  000000;Material Group
;2LIS_02_ITM;P93_050;A; 0001; 0054;MATNR;CHAR;000018;  000000;Material Number
;2LIS_02_ITM;P93_050;A; 0001; 0055;MEINS;UNIT;000003;  000000;Purchase Order Unit of Measure
;2LIS_02_ITM;P93_050;A; 0001; 0056;MENGE;QUAN;000013;  000003;Purchase Order Quantity
;2LIS_02_ITM;P93_050;A; 0001; 0057;NETPR;CURR;000011;  000002;Net price
;2LIS_02_ITM;P93_050;A; 0001; 0058;NETWR;CURR;000013;  000002;Net order value in order currency
;2LIS_02_ITM;P93_050;A; 0001; 0059;PEINH;DEC;000005;  000000;Price Unit
;2LIS_02_ITM;P93_050;A; 0001; 0060;PSTYP;CHAR;000001;  000000;Item Category in Purchasing Document
;2LIS_02_ITM;P93_050;A; 0001; 0061;PWEV;DEC;000003;  000000;Points score for compliance with shipping instructions
;2LIS_02_ITM;P93_050;A; 0001; 0062;PWFR;DEC;000003;  000000;Points score for on-time delivery
;2LIS_02_ITM;P93_050;A; 0001; 0063;PWMT;DEC;000003;  000000;Points score for quantity reliability
;2LIS_02_ITM;P93_050;A; 0001; 0064;PWTT;DEC;000003;  000000;Points score for on-time delivery performance
;2LIS_02_ITM;P93_050;A; 0001; 0065;PWWE;DEC;000003;  000000;Points score for quality of services
;2LIS_02_ITM;P93_050;A; 0001; 0066;REPOS;CHAR;000001;  000000;Invoice Receipt Indicator
;2LIS_02_ITM;P93_050;A; 0001; 0067;TABW;DEC;000003;  000000;Delivery Date Variance in Days
;2LIS_02_ITM;P93_050;A; 0001; 0068;TXZ01;CHAR;000040;  000000;Short Text
;2LIS_02_ITM;P93_050;A; 0001; 0069;UMREN;DEC;000005;  000000;Denominator for Conversion of Order Unit to Base Unit
;2LIS_02_ITM;P93_050;A; 0001; 0070;UMREZ;DEC;000005;  000000;Numerator for Conversion of Order Unit to Base Unit
;2LIS_02_ITM;P93_050;A; 0001; 0071;WEBRE;CHAR;000001;  000000;Indicator: GR-Based Invoice Verification
;2LIS_02_ITM;P93_050;A; 0001; 0072;WEPOS;CHAR;000001;  000000;Goods Receipt Indicator
;2LIS_02_ITM;P93_050;A; 0001; 0073;WERKS;CHAR;000004;  000000;Plant
;2LIS_02_ITM;P93_050;A; 0001; 0074;XERSY;CHAR;000001;  000000;Evaluated Receipt Settlement (ERS)
;2LIS_02_ITM;P93_050;A; 0001; 0075;ZWERT;CURR;000013;  000002;Target Value for Outline Agreement in Document Currency
;2LIS_02_ITM;P93_050;A; 0001; 0076;BEDNR;CHAR;000010;  000000;Requirement Tracking Number
;2LIS_02_ITM;P93_050;A; 0001; 0077;BPUMN;DEC;000005;  000000;Denominator for Conv. of Order Price Unit into Order Unit
;2LIS_02_ITM;P93_050;A; 0001; 0078;BPUMZ;DEC;000005;  000000;Numerator for Conversion of Order Price Unit into Order Unit
;2LIS_02_ITM;P93_050;A; 0001; 0079;BRTWR;CURR;000013;  000002;Gross order value in order currency
;2LIS_02_ITM;P93_050;A; 0001; 0080;BSTAE;CHAR;000004;  000000;Confirmation Control Key
;2LIS_02_ITM;P93_050;A; 0001; 0081;BWTAR;CHAR;000010;  000000;Valuation Type
;2LIS_02_ITM;P93_050;A; 0001; 0082;EFFWR;CURR;000013;  000002;Effective value of item
;2LIS_02_ITM;P93_050;A; 0001; 0083;EGLKZ;CHAR;000001;  000000;"Outward Delivery Completed" Indicator
;2LIS_02_ITM;P93_050;A; 0001; 0084;IDNLF;CHAR;000035;  000000;Material Number Used by Vendor
;2LIS_02_ITM;P93_050;A; 0001; 0085;INFNR;CHAR;000010;  000000;Number of Purchasing Info Record
;2LIS_02_ITM;P93_050;A; 0001; 0086;KNTTP;CHAR;000001;  000000;Account Assignment Category
;2LIS_02_ITM;P93_050;A; 0001; 0087;LOEKZ;CHAR;000001;  000000;Deletion Indicator in Purchasing Document
;2LIS_02_ITM;P93_050;A; 0001; 0088;MWSKZ;CHAR;000002;  000000;Sales Tax Code
;2LIS_02_ITM;P93_050;A; 0001; 0089;NAVNW;CURR;000013;  000002;Non-deductible input tax
;2LIS_02_ITM;P93_050;A; 0001; 0090;RETPO;CHAR;000001;  000000;Returns Item
;2LIS_02_ITM;P93_050;A; 0001; 0091;WEBAZ;DEC;000003;  000000;Goods Receipt Processing Time in Days
;2LIS_02_ITM;P93_050;A; 0001; 0092;WEUNB;CHAR;000001;  000000;Goods Receipt, Non-Valuated
;2LIS_02_ITM;P93_050;A; 0001; 0093;PERIV;CHAR;000002;  000000;Fiscal Year Variant
;2LIS_02_ITM;P93_050;A; 0001; 0094;QUAN_INT;DEC;000003;  000000;Interval for Quantity Interval
;2LIS_02_ITM;P93_050;A; 0001; 0095;TIME_INT;DEC;000003;  000000;Interval for Date Split
;2LIS_02_ITM;P93_050;A; 0001; 0096;NOTIME;DEC;000003;  000000;Counter for Date Split
;2LIS_02_ITM;P93_050;A; 0001; 0097;NOQUAN;DEC;000003;  000000;Counter for Quantity Interval
;2LIS_02_ITM;P93_050;A; 0001; 0098;NOPOS;DEC;000003;  000000;Counter for Items
;2LIS_02_ITM;P93_050;A; 0001; 0099;PWLIF;CHAR;000010;  000000;Goods supplier
;2LIS_02_ITM;P93_050;A; 0001; 0100;PREST;CHAR;000010;  000000;Invoicing party
;2LIS_02_ITM;P93_050;A; 0001; 0101;PLIWK;CHAR;000010;  000000;Supplying plant to which partner roles have been assigned
;2LIS_02_ITM;P93_050;A; 0001; 0102;PLIEF;CHAR;000010;  000000;Vendor to whom partner roles have been assigned
;2LIS_02_ITM;P93_050;A; 0001; 0103;PBEST;CHAR;000010;  000000;Ordering address
;2LIS_02_ITM;P93_050;A; 0001; 0104;MGABW;DEC;000003;  000002;Smoothing Factor: Quantity Variance
;2LIS_02_ITM;P93_050;A; 0001; 0105;LFABW;DEC;000003;  000002;Smoothing Factor: Date Variance
;2LIS_02_ITM;P93_050;A; 0001; 0106;MAXBW;DEC;000003;  000000;Best Score
;2LIS_02_ITM;P93_050;A; 0001; 0107;VVABW;DEC;000003;  000002;Smoothing Factor: Compliance with Shipping Instructions
;2LIS_02_ITM;P93_050;A; 0001; 0108;UZEIT;TIMS;000006;  000000;Time
;2LIS_02_ITM;P93_050;A; 0001; 0109;MCEX_UEBTO;DEC;000003;  000001;Overdelivery Tolerance Limit
;2LIS_02_ITM;P93_050;A; 0001; 0110;MCEX_UEBTK;CHAR;000001;  000000;Indicator: Unlimited Overdelivery Allowed
;2LIS_02_ITM;P93_050;A; 0001; 0111;MCEX_UNTTO;DEC;000003;  000001;Underdelivery Tolerance Limit
;2LIS_02_SCL;P93_050;A; 0001; 0001;ROCANCEL;CHAR;000001;  000000;Indicator: Cancel Data Record
;2LIS_02_SCL;P93_050;A; 0001; 0002;BEDAT;DATS;000008;  000000;Purchasing Document Date
;2LIS_02_SCL;P93_050;A; 0001; 0003;BSART;CHAR;000004;  000000;Purchasing Document Type
;2LIS_02_SCL;P93_050;A; 0001; 0004;BSTYP;CHAR;000001;  000000;Purchasing Document Category
;2LIS_02_SCL;P93_050;A; 0001; 0005;BUDAT;DATS;000008;  000000;Posting date of goods received or invoice receipt for order
;2LIS_02_SCL;P93_050;A; 0001; 0006;EBELN;CHAR;000010;  000000;Purchasing Document Number
;2LIS_02_SCL;P93_050;A; 0001; 0007;EKGRP;CHAR;000003;  000000;Purchasing Group
;2LIS_02_SCL;P93_050;A; 0001; 0008;EKORG;CHAR;000004;  000000;Purchasing Organization
;2LIS_02_SCL;P93_050;A; 0001; 0009;HWAER;CUKY;000005;  000000;Local Currency
;2LIS_02_SCL;P93_050;A; 0001; 0010;KDATB;DATS;000008;  000000;Start of Validity Period
;2LIS_02_SCL;P93_050;A; 0001; 0011;KDATE;DATS;000008;  000000;End of Validity Period
;2LIS_02_SCL;P93_050;A; 0001; 0012;LBLIF;CHAR;000010;  000000;Field not used
;2LIS_02_SCL;P93_050;A; 0001; 0013;LIFNR;CHAR;000010;  000000;Vendor Account Number
;2LIS_02_SCL;P93_050;A; 0001; 0014;LIFRE;CHAR;000010;  000000;Different Invoicing Party
;2LIS_02_SCL;P93_050;A; 0001; 0015;LLIEF;CHAR;000010;  000000;Supplying Vendor
;2LIS_02_SCL;P93_050;A; 0001; 0016;LOGSY;CHAR;000010;  000000;Logical System
;2LIS_02_SCL;P93_050;A; 0001; 0017;ORGLOGSY;CHAR;000010;  000000;Logical System
;2LIS_02_SCL;P93_050;A; 0001; 0018;RESWK;CHAR;000004;  000000;Supplying (Issuing) Plant in Stock Transport Order
;2LIS_02_SCL;P93_050;A; 0001; 0019;STATU;CHAR;000001;  000000;Status of Purchasing Document
;2LIS_02_SCL;P93_050;A; 0001; 0020;SYDAT;DATS;000008;  000000;Date on which the purchasing document was entered
;2LIS_02_SCL;P93_050;A; 0001; 0021;WAERS;CUKY;000005;  000000;Purchase order currency
;2LIS_02_SCL;P93_050;A; 0001; 0022;WKURS;DEC;000009;  000005;Exchange Rate
;2LIS_02_SCL;P93_050;A; 0001; 0023;AFNAM;CHAR;000012;  000000;Name of Requisitioner/Requester
;2LIS_02_SCL;P93_050;A; 0001; 0024;AKTNR;CHAR;000010;  000000;Promotion
;2LIS_02_SCL;P93_050;A; 0001; 0025;BSGRU;CHAR;000003;  000000;Reason for Ordering
;2LIS_02_SCL;P93_050;A; 0001; 0026;BWAPPLNM;CHAR;000030;  000000;Application Component
;2LIS_02_SCL;P93_050;A; 0001; 0027;BWVORG;NUMC;000003;  000000;SAP BW transaction key
;2LIS_02_SCL;P93_050;A; 0001; 0028;EBELP;NUMC;000005;  000000;Item Number of Purchasing Document
;2LIS_02_SCL;P93_050;A; 0001; 0029;ELIKZ;CHAR;000001;  000000;"Delivery Completed" Indicator
;2LIS_02_SCL;P93_050;A; 0001; 0030;EMATN;CHAR;000018;  000000;Material Number
;2LIS_02_SCL;P93_050;A; 0001; 0031;EREKZ;CHAR;000001;  000000;Final Invoice Indicator
;2LIS_02_SCL;P93_050;A; 0001; 0032;KONNR;CHAR;000010;  000000;Number of Principal Purchase Agreement
;2LIS_02_SCL;P93_050;A; 0001; 0033;KTPNR;NUMC;000005;  000000;Item Number of Principal Purchase Agreement
;2LIS_02_SCL;P93_050;A; 0001; 0034;LGORT;CHAR;000004;  000000;Storage Location
;2LIS_02_SCL;P93_050;A; 0001; 0035;LMEIN;UNIT;000003;  000000;Base Unit of Measure
;2LIS_02_SCL;P93_050;A; 0001; 0036;MATKL;CHAR;000009;  000000;Material Group
;2LIS_02_SCL;P93_050;A; 0001; 0037;MATNR;CHAR;000018;  000000;Material Number
;2LIS_02_SCL;P93_050;A; 0001; 0038;MEINS;UNIT;000003;  000000;Purchase Order Unit of Measure
;2LIS_02_SCL;P93_050;A; 0001; 0039;NETPR;CURR;000011;  000002;Net price
;2LIS_02_SCL;P93_050;A; 0001; 0040;PEINH;DEC;000005;  000000;Price Unit
;2LIS_02_SCL;P93_050;A; 0001; 0041;PSTYP;CHAR;000001;  000000;Item Category in Purchasing Document
;2LIS_02_SCL;P93_050;A; 0001; 0043;TXZ01;CHAR;000040;  000000;Short Text
;2LIS_02_SCL;P93_050;A; 0001; 0044;UMREN;DEC;000005;  000000;Denominator for Conversion of Order Unit to Base Unit
;2LIS_02_SCL;P93_050;A; 0001; 0045;UMREZ;DEC;000005;  000000;Numerator for Conversion of Order Unit to Base Unit
;2LIS_02_SCL;P93_050;A; 0001; 0046;WEBRE;CHAR;000001;  000000;Indicator: GR-Based Invoice Verification
;2LIS_02_SCL;P93_050;A; 0001; 0048;WERKS;CHAR;000004;  000000;Plant
;2LIS_02_SCL;P93_050;A; 0001; 0049;XERSY;CHAR;000001;  000000;Evaluated Receipt Settlement (ERS)
;2LIS_02_SCL;P93_050;A; 0001; 0050;BANFN;CHAR;000010;  000000;Purchase Requisition Number
;2LIS_02_SCL;P93_050;A; 0001; 0051;BNFPO;NUMC;000005;  000000;Item Number of Purchase Requisition
;2LIS_02_SCL;P93_050;A; 0001; 0052;BWBRTWR;CURR;000013;  000002;Gross order value in order currency
;2LIS_02_SCL;P93_050;A; 0001; 0053;BWEFFWR;CURR;000015;  000002;Effective order value
;2LIS_02_SCL;P93_050;A; 0001; 0054;BWGEO;CURR;000019;  000002;BW: Cost Value in Local Currency
;2LIS_02_SCL;P93_050;A; 0001; 0055;BWGEOO;CURR;000019;  000002;BW: Cost Value in Order Currency
;2LIS_02_SCL;P93_050;A; 0001; 0056;BWGVO;CURR;000019;  000002;BW: Retail Value in Local Currency
;2LIS_02_SCL;P93_050;A; 0001; 0057;BWGVP;CURR;000019;  000002;BW: Retail Value with Tax in Local Currency
;2LIS_02_SCL;P93_050;A; 0001; 0058;BWKZWI1;CURR;000013;  000002;Subtotal 1 from pricing procedure for condition
;2LIS_02_SCL;P93_050;A; 0001; 0059;BWKZWI2;CURR;000013;  000002;Subtotal 2 from pricing procedure for condition
;2LIS_02_SCL;P93_050;A; 0001; 0060;BWKZWI3;CURR;000013;  000002;Subtotal 3 from pricing procedure for condition
;2LIS_02_SCL;P93_050;A; 0001; 0061;BWKZWI4;CURR;000013;  000002;Subtotal 4 from pricing procedure for condition
;2LIS_02_SCL;P93_050;A; 0001; 0062;BWKZWI5;CURR;000013;  000002;Subtotal 5 from pricing procedure for condition
;2LIS_02_SCL;P93_050;A; 0001; 0063;BWKZWI6;CURR;000013;  000002;Subtotal 6 from pricing procedure for condition
;2LIS_02_SCL;P93_050;A; 0001; 0064;BWMNG;QUAN;000015;  000003;BW: Quantity in Order Unit
;2LIS_02_SCL;P93_050;A; 0001; 0065;BZGWR;CURR;000013;  000002;Delivery costs for order from invoice in LC
;2LIS_02_SCL;P93_050;A; 0001; 0066;CHARG;CHAR;000010;  000000;Batch Number
;2LIS_02_SCL;P93_050;A; 0001; 0067;DBWGEO;CURR;000019;  000002;Delta purchase order/goods receipt at cost
;2LIS_02_SCL;P93_050;A; 0001; 0068;DBWMNG;QUAN;000015;  000003;Delta purchase order/goods receipt quantity in BUn
;2LIS_02_SCL;P93_050;A; 0001; 0069;EINDT;DATS;000008;  000000;Item Delivery Date
;2LIS_02_SCL;P93_050;A; 0001; 0070;ETENR;NUMC;000004;  000000;Delivery Schedule Line Counter
;2LIS_02_SCL;P93_050;A; 0001; 0071;MAHNZ;DEC;000003;  000000;Number of Reminders/Expediters
;2LIS_02_SCL;P93_050;A; 0001; 0072;SLFDT;DATS;000008;  000000;Statistics-Relevant Delivery Date
;2LIS_02_SCL;P93_050;A; 0001; 0073;UZEIT;TIMS;000006;  000000;Time
;2LIS_02_SCL;P93_050;A; 0001; 0095;DABMG;QUAN;000013;  000003;Quantity Reduced (MRP)
;2LIS_02_SCL;P93_050;A; 0001; 0096;GLMNG;QUAN;000013;  000003;Quantity Delivered (Stock Transfer)
;2LIS_02_SCL;P93_050;A; 0001; 0097;MENGE;QUAN;000013;  000003;Scheduled Quantity
;2LIS_02_SCL;P93_050;A; 0001; 0098;REMNG;QUAN;000013;  000003;Quantity invoiced
;2LIS_02_SCL;P93_050;A; 0001; 0099;REWRT;CURR;000013;  000002;Invoice value in local currency
;2LIS_02_SCL;P93_050;A; 0001; 0100;WAMNG;QUAN;000013;  000003;Issued Quantity
;2LIS_02_SCL;P93_050;A; 0001; 0101;WEMNG;QUAN;000013;  000003;Quantity of Goods Received
;2LIS_02_SCL;P93_050;A; 0001; 0102;PERIV;CHAR;000002;  000000;Fiscal Year Variant
;2LIS_02_SCL;P93_050;A; 0001; 0103;SCL_BEDAT;DATS;000008;  000000;Schedule line date
;2LIS_02_SCL;P93_050;A; 0001; 0104;NOSCL;DEC;000003;  000000;Counter for Schedule Agreement Schedule Lines
;2LIS_02_SCL;P93_050;A; 0001; 0105;PWLIF;CHAR;000010;  000000;Goods supplier
;2LIS_02_SCL;P93_050;A; 0001; 0106;PREST;CHAR;000010;  000000;Invoicing party
;2LIS_02_SCL;P93_050;A; 0001; 0107;PLIWK;CHAR;000010;  000000;Supplying plant to which partner roles have been assigned
;2LIS_02_SCL;P93_050;A; 0001; 0108;PLIEF;CHAR;000010;  000000;Vendor to whom partner roles have been assigned
;2LIS_02_SCL;P93_050;A; 0001; 0109;PBEST;CHAR;000010;  000000;Ordering address
;2LIS_11_VAHDR;P93_050;A; 0001; 0001;ROCANCEL;CHAR;000001;  000000;Indicator: Cancel Data Record
;2LIS_11_VAHDR;P93_050;A; 0001; 0002;VBELN;CHAR;000010;  000000;Sales and Distribution Document Number
;2LIS_11_VAHDR;P93_050;A; 0001; 0003;UVALL;CHAR;000001;  000000;General incompletion status of the header
;2LIS_11_VAHDR;P93_050;A; 0001; 0004;UVFAK;CHAR;000001;  000000;Header incompletion status with respect to billing
;2LIS_11_VAHDR;P93_050;A; 0001; 0005;UVVLK;CHAR;000001;  000000;Header incompletion status concerning delivery
;2LIS_11_VAHDR;P93_050;A; 0001; 0006;ANGDT;DATS;000008;  000000;Quotation/Inquiry is valid from
;2LIS_11_VAHDR;P93_050;A; 0001; 0007;AUART;CHAR;000004;  000000;Sales Document Type
;2LIS_11_VAHDR;P93_050;A; 0001; 0008;AUGRU;CHAR;000003;  000000;Order reason (reason for the business transaction)
;2LIS_11_VAHDR;P93_050;A; 0001; 0009;BNDDT;DATS;000008;  000000;Date until which bid/quotation is binding (valid-to date)
;2LIS_11_VAHDR;P93_050;A; 0001; 0010;BUKRS;CHAR;000004;  000000;Company Code
;2LIS_11_VAHDR;P93_050;A; 0001; 0011;ERDAT;DATS;000008;  000000;Date on Which Record Was Created
;2LIS_11_VAHDR;P93_050;A; 0001; 0012;FAKSK;CHAR;000002;  000000;Billing block in SD document
;2LIS_11_VAHDR;P93_050;A; 0001; 0013;HWAER;CUKY;000005;  000000;Local Currency
;2LIS_11_VAHDR;P93_050;A; 0001; 0014;KUNNR;CHAR;000010;  000000;Sold-to party
;2LIS_11_VAHDR;P93_050;A; 0001; 0015;KURST;CHAR;000004;  000000;Exchange Rate Type
;2LIS_11_VAHDR;P93_050;A; 0001; 0016;KVGR1;CHAR;000003;  000000;Customer group 1
;2LIS_11_VAHDR;P93_050;A; 0001; 0017;KVGR2;CHAR;000003;  000000;Customer group 2
;2LIS_11_VAHDR;P93_050;A; 0001; 0018;KVGR3;CHAR;000003;  000000;Customer group 3
;2LIS_11_VAHDR;P93_050;A; 0001; 0019;KVGR4;CHAR;000003;  000000;Customer group 4
;2LIS_11_VAHDR;P93_050;A; 0001; 0020;KVGR5;CHAR;000003;  000000;Customer group 5
;2LIS_11_VAHDR;P93_050;A; 0001; 0021;LIFSK;CHAR;000002;  000000;Delivery block (document header)
;2LIS_11_VAHDR;P93_050;A; 0001; 0022;PVRTNR;NUMC;000008;  000000;Sales employee
;2LIS_11_VAHDR;P93_050;A; 0001; 0023;STWAE;CUKY;000005;  000000;Statistics currency
;2LIS_11_VAHDR;P93_050;A; 0001; 0024;VBTYP;CHAR;000001;  000000;SD document category
;2LIS_11_VAHDR;P93_050;A; 0001; 0025;VDATU;DATS;000008;  000000;Requested delivery date
;2LIS_11_VAHDR;P93_050;A; 0001; 0026;VKBUR;CHAR;000004;  000000;Sales Office
;2LIS_11_VAHDR;P93_050;A; 0001; 0027;VKGRP;CHAR;000003;  000000;Sales Group
;2LIS_11_VAHDR;P93_050;A; 0001; 0028;VKORG;CHAR;000004;  000000;Sales Organization
;2LIS_11_VAHDR;P93_050;A; 0001; 0029;VTWEG;CHAR;000002;  000000;Distribution Channel
;2LIS_11_VAHDR;P93_050;A; 0001; 0030;WAERK;CUKY;000005;  000000;SD Document Currency
;2LIS_11_VAHDR;P93_050;A; 0001; 0031;SUBMI;CHAR;000010;  000000;Collective number (SD)
;2LIS_11_VAHDR;P93_050;A; 0001; 0032;ZZCANC_DATE;DATS;000008;  000000;Cancel date
;2LIS_11_VAHDR;P93_050;A; 0001; 0033;ZZDLV_DATE;DATS;000008;  000000;Delivery date
;2LIS_11_VAHDR;P93_050;A; 0001; 0035;ZZSHIP_DATE;DATS;000008;  000000;Requested ship date
;2LIS_11_VAHDR;P93_050;A; 0001; 0036;SPARA;CHAR;000002;  000000;Division for order header
;2LIS_11_VAHDR;P93_050;A; 0001; 0037;VGTYP_AK;CHAR;000001;  000000;Sales Document Category of Reference Doc. in Order Header
;2LIS_11_VAHDR;P93_050;A; 0001; 0038;ANZAU;DEC;000009;  000000;Number of orders
;2LIS_11_VAHDR;P93_050;A; 0001; 0039;PERIV;CHAR;000002;  000000;Fiscal Year Variant
;2LIS_11_VAITM;P93_050;A; 0001; 0001;ROCANCEL;CHAR;000001;  000000;Indicator: Cancel Data Record
;2LIS_11_VAITM;P93_050;A; 0001; 0002;VBELN;CHAR;000010;  000000;Sales and Distribution Document Number
;2LIS_11_VAITM;P93_050;A; 0001; 0003;CMGST;CHAR;000001;  000000;Overall status of credit checks
;2LIS_11_VAITM;P93_050;A; 0001; 0004;VBOBJ;CHAR;000001;  000000;SD document object
;2LIS_11_VAITM;P93_050;A; 0001; 0005;ABSTA;CHAR;000001;  000000;Rejection status for SD item
;2LIS_11_VAITM;P93_050;A; 0001; 0006;POSNR;NUMC;000006;  000000;Item number of the SD document
;2LIS_11_VAITM;P93_050;A; 0001; 0007;UVALL;CHAR;000001;  000000;General Incompletion Status of Item
;2LIS_11_VAITM;P93_050;A; 0001; 0008;UVFAK;CHAR;000001;  000000;Item Incompletion Status with Respect to Billing
;2LIS_11_VAITM;P93_050;A; 0001; 0009;UVPRS;CHAR;000001;  000000;Pricing for item is incomplete
;2LIS_11_VAITM;P93_050;A; 0001; 0010;UVVLK;CHAR;000001;  000000;Incompletion status of the item with regard to delivery
;2LIS_11_VAITM;P93_050;A; 0001; 0011;LSSTA;CHAR;000001;  000000;Delivery block status for item
;2LIS_11_VAITM;P93_050;A; 0001; 0012;RFSTA;CHAR;000001;  000000;Reference status
;2LIS_11_VAITM;P93_050;A; 0001; 0013;ANGDT;DATS;000008;  000000;Quotation/Inquiry is valid from
;2LIS_11_VAITM;P93_050;A; 0001; 0014;AUART;CHAR;000004;  000000;Sales Document Type
;2LIS_11_VAITM;P93_050;A; 0001; 0015;AUGRU;CHAR;000003;  000000;Order reason (reason for the business transaction)
;2LIS_11_VAITM;P93_050;A; 0001; 0016;BNDDT;DATS;000008;  000000;Date until which bid/quotation is binding (valid-to date)
;2LIS_11_VAITM;P93_050;A; 0001; 0017;BUKRS;CHAR;000004;  000000;Company Code
;2LIS_11_VAITM;P93_050;A; 0001; 0018;FAKSK;CHAR;000002;  000000;Billing block in SD document
;2LIS_11_VAITM;P93_050;A; 0001; 0019;HWAER;CUKY;000005;  000000;Local Currency
;2LIS_11_VAITM;P93_050;A; 0001; 0020;KUNNR;CHAR;000010;  000000;Sold-to party
;2LIS_11_VAITM;P93_050;A; 0001; 0021;KURST;CHAR;000004;  000000;Exchange Rate Type
;2LIS_11_VAITM;P93_050;A; 0001; 0022;KVGR1;CHAR;000003;  000000;Customer group 1
;2LIS_11_VAITM;P93_050;A; 0001; 0023;KVGR2;CHAR;000003;  000000;Customer group 2
;2LIS_11_VAITM;P93_050;A; 0001; 0024;KVGR3;CHAR;000003;  000000;Customer group 3
;2LIS_11_VAITM;P93_050;A; 0001; 0025;KVGR4;CHAR;000003;  000000;Customer group 4
;2LIS_11_VAITM;P93_050;A; 0001; 0026;KVGR5;CHAR;000003;  000000;Customer group 5
;2LIS_11_VAITM;P93_050;A; 0001; 0027;LIFSK;CHAR;000002;  000000;Delivery block (document header)
;2LIS_11_VAITM;P93_050;A; 0001; 0028;STWAE;CUKY;000005;  000000;Statistics currency
;2LIS_11_VAITM;P93_050;A; 0001; 0029;VBTYP;CHAR;000001;  000000;SD document category
;2LIS_11_VAITM;P93_050;A; 0001; 0030;VKBUR;CHAR;000004;  000000;Sales Office
;2LIS_11_VAITM;P93_050;A; 0001; 0031;VKGRP;CHAR;000003;  000000;Sales Group
;2LIS_11_VAITM;P93_050;A; 0001; 0032;VKORG;CHAR;000004;  000000;Sales Organization
;2LIS_11_VAITM;P93_050;A; 0001; 0033;VTWEG;CHAR;000002;  000000;Distribution Channel
;2LIS_11_VAITM;P93_050;A; 0001; 0034;AUDAT;DATS;000008;  000000;Document Date (Date Received/Sent)
;2LIS_11_VAITM;P93_050;A; 0001; 0035;BNAME;CHAR;000035;  000000;Name of orderer
;2LIS_11_VAITM;P93_050;A; 0001; 0036;FKARA;CHAR;000004;  000000;Proposed billing type for an order-related billing document
;2LIS_11_VAITM;P93_050;A; 0001; 0037;HIEZU01;CHAR;000010;  000000;Customer hierarchy Level 1
;2LIS_11_VAITM;P93_050;A; 0001; 0038;HIEZU02;CHAR;000010;  000000;Customer hierarchy Level 2
;2LIS_11_VAITM;P93_050;A; 0001; 0039;HIEZU03;CHAR;000010;  000000;Customer hierarchy Level 3
;2LIS_11_VAITM;P93_050;A; 0001; 0040;HIEZU04;CHAR;000010;  000000;Customer hierarchy Level 4
;2LIS_11_VAITM;P93_050;A; 0001; 0041;HIEZU05;CHAR;000010;  000000;Customer hierarchy Level 5
;2LIS_11_VAITM;P93_050;A; 0001; 0042;HIEZU06;CHAR;000010;  000000;Customer hierarchy Level 6
;2LIS_11_VAITM;P93_050;A; 0001; 0043;HIEZU07;CHAR;000010;  000000;Customer hierarchy Level 7
;2LIS_11_VAITM;P93_050;A; 0001; 0044;HIEZU08;CHAR;000010;  000000;Customer hierarchy Level 8
;2LIS_11_VAITM;P93_050;A; 0001; 0045;HIEZU09;CHAR;000010;  000000;Customer hierarchy Level 9
;2LIS_11_VAITM;P93_050;A; 0001; 0046;HIEZU10;CHAR;000010;  000000;Customer hierarchy Level 10
;2LIS_11_VAITM;P93_050;A; 0001; 0047;KOKRS;CHAR;000004;  000000;Controlling Area
;2LIS_11_VAITM;P93_050;A; 0001; 0048;MAHDT;DATS;000008;  000000;Last customer contact date
;2LIS_11_VAITM;P93_050;A; 0001; 0049;QMNUM;CHAR;000012;  000000;Notification No
;2LIS_11_VAITM;P93_050;A; 0001; 0050;VSBED;CHAR;000002;  000000;Shipping Conditions
;2LIS_11_VAITM;P93_050;A; 0001; 0051;ABGRU;CHAR;000002;  000000;Reason for rejection of quotations and sales orders
;2LIS_11_VAITM;P93_050;A; 0001; 0052;AEDAT;DATS;000008;  000000;Changed On
;2LIS_11_VAITM;P93_050;A; 0001; 0053;AWAHR;NUMC;000003;  000000;Order probability of the item
;2LIS_11_VAITM;P93_050;A; 0001; 0054;BRGEW;QUAN;000015;  000003;Gross Weight of the Item
;2LIS_11_VAITM;P93_050;A; 0001; 0055;BWAPPLNM;CHAR;000030;  000000;Application Component
;2LIS_11_VAITM;P93_050;A; 0001; 0056;BWVORG;NUMC;000003;  000000;SAP BW transaction key
;2LIS_11_VAITM;P93_050;A; 0001; 0057;CHARG;CHAR;000010;  000000;Batch Number
;2LIS_11_VAITM;P93_050;A; 0001; 0058;CMKUA;DEC;000009;  000005;Credit data exchange rate for requested delivery date
;2LIS_11_VAITM;P93_050;A; 0001; 0059;EAN11;CHAR;000018;  000000;International Article Number (EAN/UPC)
;2LIS_11_VAITM;P93_050;A; 0001; 0060;ERDAT;DATS;000008;  000000;Date on Which Record Was Created
;2LIS_11_VAITM;P93_050;A; 0001; 0061;ERNAM;CHAR;000012;  000000;Name of Person who Created the Object
;2LIS_11_VAITM;P93_050;A; 0001; 0062;ERZET;TIMS;000006;  000000;Entry time
;2LIS_11_VAITM;P93_050;A; 0001; 0063;FAKSP;CHAR;000002;  000000;Billing block for item
;2LIS_11_VAITM;P93_050;A; 0001; 0064;GEWEI;UNIT;000003;  000000;Weight Unit
;2LIS_11_VAITM;P93_050;A; 0001; 0065;KBMENG;QUAN;000015;  000003;Cumulative confirmed quantity in sales unit
;2LIS_11_VAITM;P93_050;A; 0001; 0066;KLMENG;QUAN;000015;  000003;Cumulative confirmed quantity in base unit
;2LIS_11_VAITM;P93_050;A; 0001; 0067;KMEIN;UNIT;000003;  000000;Condition unit
;2LIS_11_VAITM;P93_050;A; 0001; 0068;KNUMA_AG;CHAR;000010;  000000;Sales deal
;2LIS_11_VAITM;P93_050;A; 0001; 0069;KPEIN;DEC;000005;  000000;Condition pricing unit
;2LIS_11_VAITM;P93_050;A; 0001; 0070;KWMENG;QUAN;000015;  000003;Cumulative Order Quantity in Sales Units
;2LIS_11_VAITM;P93_050;A; 0001; 0071;KZWI1;CURR;000013;  000002;Subtotal 1 from pricing procedure for condition
;2LIS_11_VAITM;P93_050;A; 0001; 0072;KZWI2;CURR;000013;  000002;Subtotal 2 from pricing procedure for condition
;2LIS_11_VAITM;P93_050;A; 0001; 0073;KZWI3;CURR;000013;  000002;Subtotal 3 from pricing procedure for condition
;2LIS_11_VAITM;P93_050;A; 0001; 0074;KZWI4;CURR;000013;  000002;Subtotal 4 from pricing procedure for condition
;2LIS_11_VAITM;P93_050;A; 0001; 0075;KZWI5;CURR;000013;  000002;Subtotal 5 from pricing procedure for condition
;2LIS_11_VAITM;P93_050;A; 0001; 0076;KZWI6;CURR;000013;  000002;Subtotal 6 from pricing procedure for condition
;2LIS_11_VAITM;P93_050;A; 0001; 0077;LFMNG;QUAN;000013;  000003;Minimum delivery quantity in delivery note processing
;2LIS_11_VAITM;P93_050;A; 0001; 0078;LGORT;CHAR;000004;  000000;Storage Location
;2LIS_11_VAITM;P93_050;A; 0001; 0079;LSMENG;QUAN;000015;  000003;Cumulative required delivery qty (all dlv-relev.sched.lines)
;2LIS_11_VAITM;P93_050;A; 0001; 0080;MATKL;CHAR;000009;  000000;Material Group
;2LIS_11_VAITM;P93_050;A; 0001; 0081;MATNR;CHAR;000018;  000000;Material Number
;2LIS_11_VAITM;P93_050;A; 0001; 0082;MATWA;CHAR;000018;  000000;Material entered
;2LIS_11_VAITM;P93_050;A; 0001; 0083;MEINS;UNIT;000003;  000000;Base Unit of Measure
;2LIS_11_VAITM;P93_050;A; 0001; 0084;MVGR1;CHAR;000003;  000000;Material group 1
;2LIS_11_VAITM;P93_050;A; 0001; 0085;MVGR2;CHAR;000003;  000000;Material group 2
;2LIS_11_VAITM;P93_050;A; 0001; 0086;MVGR3;CHAR;000003;  000000;Material group 3
;2LIS_11_VAITM;P93_050;A; 0001; 0087;MVGR4;CHAR;000003;  000000;Material group 4
;2LIS_11_VAITM;P93_050;A; 0001; 0088;MVGR5;CHAR;000003;  000000;Material group 5
;2LIS_11_VAITM;P93_050;A; 0001; 0089;MWSBP;CURR;000013;  000002;Tax amount in document currency
;2LIS_11_VAITM;P93_050;A; 0001; 0090;NETPR;CURR;000011;  000002;Net price
;2LIS_11_VAITM;P93_050;A; 0001; 0091;NETWR;CURR;000015;  000002;Net value of the order item in document currency
;2LIS_11_VAITM;P93_050;A; 0001; 0092;NTGEW;QUAN;000015;  000003;Net Weight of the Item
;2LIS_11_VAITM;P93_050;A; 0001; 0093;PABLA;CHAR;000025;  000000;Unloading point of the ship-to party
;2LIS_11_VAITM;P93_050;A; 0001; 0094;PKUNRE;CHAR;000010;  000000;Bill-to party
;2LIS_11_VAITM;P93_050;A; 0001; 0095;PKUNRG;CHAR;000010;  000000;Payer
;2LIS_11_VAITM;P93_050;A; 0001; 0096;PKUNWE;CHAR;000010;  000000;Ship-to party
;2LIS_11_VAITM;P93_050;A; 0001; 0097;PRODH;CHAR;000018;  000000;Product hierarchy
;2LIS_11_VAITM;P93_050;A; 0001; 0098;PSPDNR;CHAR;000010;  000000;Forwarding agent
;2LIS_11_VAITM;P93_050;A; 0001; 0099;PSTYV;CHAR;000004;  000000;Sales document item category
;2LIS_11_VAITM;P93_050;A; 0001; 0100;PVRTNR;NUMC;000008;  000000;Sales employee
;2LIS_11_VAITM;P93_050;A; 0001; 0101;ROUTE;CHAR;000006;  000000;Route
;2LIS_11_VAITM;P93_050;A; 0001; 0102;SOBKZ;CHAR;000001;  000000;Special Stock Indicator
;2LIS_11_VAITM;P93_050;A; 0001; 0103;SPART;CHAR;000002;  000000;Division
;2LIS_11_VAITM;P93_050;A; 0001; 0104;STADAT;DATS;000008;  000000;Statistics date
;2LIS_11_VAITM;P93_050;A; 0001; 0105;STCUR;DEC;000009;  000005;Exchange rate for statistics (Exch.rate at time of creation)
;2LIS_11_VAITM;P93_050;A; 0001; 0106;SUGRD;CHAR;000004;  000000;Reason for material substitution
;2LIS_11_VAITM;P93_050;A; 0001; 0107;UEBTK;CHAR;000001;  000000;Unlimited overdelivery allowed
;2LIS_11_VAITM;P93_050;A; 0001; 0108;UEBTO;DEC;000003;  000001;Overdelivery Tolerance Limit
;2LIS_11_VAITM;P93_050;A; 0001; 0109;UMVKN;DEC;000005;  000000;Denominator (Divisor) for Conversion of Sales Qty into SKU
;2LIS_11_VAITM;P93_050;A; 0001; 0110;UMVKZ;DEC;000005;  000000;Numerator (factor) for conversion of sales quantity into SKU
;2LIS_11_VAITM;P93_050;A; 0001; 0111;UMZIN;DEC;000005;  000000;Factor for converting sales units to base units (target qty)
;2LIS_11_VAITM;P93_050;A; 0001; 0112;UMZIZ;DEC;000005;  000000;Factor for converting sales units to base units (target qty)
;2LIS_11_VAITM;P93_050;A; 0001; 0113;UNTTO;DEC;000003;  000001;Underdelivery Tolerance Limit
;2LIS_11_VAITM;P93_050;A; 0001; 0114;VDATU;DATS;000008;  000000;Date of update for statistics updating
;2LIS_11_VAITM;P93_050;A; 0001; 0115;VGBEL;CHAR;000010;  000000;Document number of the reference document
;2LIS_11_VAITM;P93_050;A; 0001; 0116;VGPOS;NUMC;000006;  000000;Item number of the reference item
;2LIS_11_VAITM;P93_050;A; 0001; 0117;VGTYP;CHAR;000001;  000000;Document category of preceding SD document
;2LIS_11_VAITM;P93_050;A; 0001; 0118;VOLEH;UNIT;000003;  000000;Volume unit
;2LIS_11_VAITM;P93_050;A; 0001; 0119;VOLUM;QUAN;000015;  000003;Volume of the item
;2LIS_11_VAITM;P93_050;A; 0001; 0120;VRKME;UNIT;000003;  000000;Sales unit
;2LIS_11_VAITM;P93_050;A; 0001; 0121;VSTEL;CHAR;000004;  000000;Shipping Point/Receiving Point
;2LIS_11_VAITM;P93_050;A; 0001; 0122;WAERK;CUKY;000005;  000000;SD Document Currency
;2LIS_11_VAITM;P93_050;A; 0001; 0123;WAVWR;CURR;000013;  000002;Cost in document currency
;2LIS_11_VAITM;P93_050;A; 0001; 0124;WERKS;CHAR;000004;  000000;Plant (Own or External)
;2LIS_11_VAITM;P93_050;A; 0001; 0125;ZIEME;UNIT;000003;  000000;Target quantity UoM
;2LIS_11_VAITM;P93_050;A; 0001; 0126;ZMENG;QUAN;000013;  000003;Target quantity in sales units
;2LIS_11_VAITM;P93_050;A; 0001; 0127;ZWERT;CURR;000013;  000002;Target Value for Outline Agreement in Document Currency
;2LIS_11_VAITM;P93_050;A; 0001; 0128;BEDAE;CHAR;000004;  000000;Requirements type
;2LIS_11_VAITM;P93_050;A; 0001; 0129;BERID;CHAR;000010;  000000;MRP Area
;2LIS_11_VAITM;P93_050;A; 0001; 0130;BONUS;CHAR;000002;  000000;Volume rebate group
;2LIS_11_VAITM;P93_050;A; 0001; 0131;FKREL;CHAR;000001;  000000;Relevant for Billing
;2LIS_11_VAITM;P93_050;A; 0001; 0132;KDMAT;CHAR;000035;  000000;Material Number Used by Customer
;2LIS_11_VAITM;P93_050;A; 0001; 0133;KOSTL;CHAR;000010;  000000;Cost Center
;2LIS_11_VAITM;P93_050;A; 0001; 0134;LPRIO;NUMC;000002;  000000;Delivery Priority
;2LIS_11_VAITM;P93_050;A; 0001; 0135;MTVFP;CHAR;000002;  000000;Checking Group for Availability Check
;2LIS_11_VAITM;P93_050;A; 0001; 0136;PCTRF;CHAR;000010;  000000;Profit Center for Billing
;2LIS_11_VAITM;P93_050;A; 0001; 0137;PLAAG;CHAR;000003;  000000;Country of the sold-to party
;2LIS_11_VAITM;P93_050;A; 0001; 0138;PLARE;CHAR;000003;  000000;Country of the bill-to party
;2LIS_11_VAITM;P93_050;A; 0001; 0139;PLAWE;CHAR;000003;  000000;Country of ship-to party
;2LIS_11_VAITM;P93_050;A; 0001; 0140;PRCTR;CHAR;000010;  000000;Profit Center
;2LIS_11_VAITM;P93_050;A; 0001; 0141;SHKZG;CHAR;000001;  000000;Returns Item
;2LIS_11_VAITM;P93_050;A; 0001; 0142;UEPOS;NUMC;000006;  000000;Higher-level item in bill of material structures
;2LIS_11_VAITM;P93_050;A; 0001; 0143;UEPVW;CHAR;000001;  000000;ID for higher-level item usage
;2LIS_11_VAITM;P93_050;A; 0001; 0144;VKAUS;CHAR;000003;  000000;Usage Indicator
;2LIS_11_VAITM;P93_050;A; 0001; 0145;ZZEDA;DATS;000008;  000000;Accepted delivery date for the schedule line
;2LIS_11_VAITM;P93_050;A; 0001; 0146;ZZIEDA;DATS;000008;  000000;Required delivery date for the schedule line
;2LIS_11_VAITM;P93_050;A; 0001; 0147;ZZIMBD;DATS;000008;  000000;Required material availability date
;2LIS_11_VAITM;P93_050;A; 0001; 0148;ZZIWAD;DATS;000008;  000000;Required goods issue date
;2LIS_11_VAITM;P93_050;A; 0001; 0149;ZZMBD;DATS;000008;  000000;Accepted material availability date
;2LIS_11_VAITM;P93_050;A; 0001; 0150;ZZWAD;DATS;000008;  000000;Accepted goods issue date
;2LIS_11_VAITM;P93_050;A; 0001; 0151;BZIRK;CHAR;000006;  000000;Sales district
;2LIS_11_VAITM;P93_050;A; 0001; 0152;FBUDA;DATS;000008;  000000;Date on which services rendered
;2LIS_11_VAITM;P93_050;A; 0001; 0153;FKDAT;DATS;000008;  000000;Billing date for billing index and printout
;2LIS_11_VAITM;P93_050;A; 0001; 0154;INCO1;CHAR;000003;  000000;Incoterms (Part 1)
;2LIS_11_VAITM;P93_050;A; 0001; 0155;INCO2;CHAR;000028;  000000;Incoterms (Part 2)
;2LIS_11_VAITM;P93_050;A; 0001; 0156;KDGRP;CHAR;000002;  000000;Customer group
;2LIS_11_VAITM;P93_050;A; 0001; 0157;KTGRD;CHAR;000002;  000000;Account assignment group for this customer
;2LIS_11_VAITM;P93_050;A; 0001; 0158;KURSK;DEC;000009;  000005;Exchange Rate for Price Determination
;2LIS_11_VAITM;P93_050;A; 0001; 0159;KURSK_DAT;DATS;000008;  000000;Translation Date
;2LIS_11_VAITM;P93_050;A; 0001; 0160;PRSDT;DATS;000008;  000000;Date for pricing and exchange rate
;2LIS_11_VAITM;P93_050;A; 0001; 0161;WAKTION;CHAR;000010;  000000;Promotion
;2LIS_11_VAITM;P93_050;A; 0001; 0162;WMINR;CHAR;000010;  000000;Product catalog number
;2LIS_11_VAITM;P93_050;A; 0001; 0163;BSARK;CHAR;000004;  000000;Customer purchase order type
;2LIS_11_VAITM;P93_050;A; 0001; 0164;BSARK_E;CHAR;000004;  000000;Ship-to party purchase order type
;2LIS_11_VAITM;P93_050;A; 0001; 0165;BSTDK;DATS;000008;  000000;Customer purchase order date
;2LIS_11_VAITM;P93_050;A; 0001; 0166;BSTDK_E;DATS;000008;  000000;Ship-to party's PO date
;2LIS_11_VAITM;P93_050;A; 0001; 0167;BSTKD;CHAR;000035;  000000;Customer purchase order number
;2LIS_11_VAITM;P93_050;A; 0001; 0168;BSTKD_E;CHAR;000035;  000000;Ship-to Party's Purchase Order Number
;2LIS_11_VAITM;P93_050;A; 0001; 0169;BSTKD_M;CHAR;000035;  000000;Customer PO number as matchcode field
;2LIS_11_VAITM;P93_050;A; 0001; 0170;IHREZ;CHAR;000012;  000000;Your Reference
;2LIS_11_VAITM;P93_050;A; 0001; 0171;IHREZ_E;CHAR;000012;  000000;Ship-to party character
;2LIS_11_VAITM;P93_050;A; 0001; 0172;KURRF;DEC;000009;  000005;Exchange rate for FI postings
;2LIS_11_VAITM;P93_050;A; 0001; 0173;WAERK_VBAK;CUKY;000005;  000000;SD Document Currency
;2LIS_11_VAITM;P93_050;A; 0001; 0174;SPARA;CHAR;000002;  000000;Division for order header
;2LIS_11_VAITM;P93_050;A; 0001; 0175;VGTYP_AK;CHAR;000001;  000000;Sales Document Category of Reference Doc. in Order Header
;2LIS_11_VAITM;P93_050;A; 0001; 0176;PS_POSID;CHAR;000024;  000000;Work Breakdown Structure Element (WBS Element)
;2LIS_11_VAITM;P93_050;A; 0001; 0177;ANZAUPO;DEC;000009;  000000;Number of order items
;2LIS_11_VAITM;P93_050;A; 0001; 0178;PERIV;CHAR;000002;  000000;Fiscal Year Variant
;2LIS_11_VAITM;P93_050;A; 0001; 0179;MCEX_APCAMPAIGN;CHAR;000032;  000000;Campaign of referred sales order item for BW-Extraction
;2LIS_11_VAITM;P93_050;A; 0001; 0180;APOPLANNED;CHAR;000001;  000000;Planning in APO
;2LIS_11_VAITM;P93_050;A; 0001; 0181;MCBW_NETPR_AVKM;CURR;000011;  000002;BW: Net Price Referring to Sales Quantity for Order Item
;2LIS_11_VASCL;P93_050;A; 0001; 0001;ROCANCEL;CHAR;000001;  000000;Indicator: Cancel Data Record
;2LIS_11_VASCL;P93_050;A; 0001; 0002;VBELN;CHAR;000010;  000000;Sales and Distribution Document Number
;2LIS_11_VASCL;P93_050;A; 0001; 0003;ABSTA;CHAR;000001;  000000;Rejection status for SD item
;2LIS_11_VASCL;P93_050;A; 0001; 0004;POSNR;NUMC;000006;  000000;Item number of the SD document
;2LIS_11_VASCL;P93_050;A; 0001; 0005;UVALL;CHAR;000001;  000000;General Incompletion Status of Item
;2LIS_11_VASCL;P93_050;A; 0001; 0006;UVFAK;CHAR;000001;  000000;Item Incompletion Status with Respect to Billing
;2LIS_11_VASCL;P93_050;A; 0001; 0007;UVPRS;CHAR;000001;  000000;Pricing for item is incomplete
;2LIS_11_VASCL;P93_050;A; 0001; 0008;UVVLK;CHAR;000001;  000000;Incompletion status of the item with regard to delivery
;2LIS_11_VASCL;P93_050;A; 0001; 0009;BMENG;QUAN;000013;  000003;Confirmed Quantity
;2LIS_11_VASCL;P93_050;A; 0001; 0010;CMENG;QUAN;000013;  000003;Corrected quantity in sales unit
;2LIS_11_VASCL;P93_050;A; 0001; 0011;EDATU;DATS;000008;  000000;Schedule line date
;2LIS_11_VASCL;P93_050;A; 0001; 0012;ETENR;NUMC;000004;  000000;Delivery Schedule Line Number
;2LIS_11_VASCL;P93_050;A; 0001; 0013;ETTYP;CHAR;000002;  000000;Schedule line category
;2LIS_11_VASCL;P93_050;A; 0001; 0014;LDDAT;DATS;000008;  000000;Loading Date
;2LIS_11_VASCL;P93_050;A; 0001; 0015;LIFSP;CHAR;000002;  000000;Schedule line blocked for delivery
;2LIS_11_VASCL;P93_050;A; 0001; 0016;LMENG;QUAN;000013;  000003;Required quantity for mat.management in stockkeeping units
;2LIS_11_VASCL;P93_050;A; 0001; 0017;MBDAT;DATS;000008;  000000;Material Staging/Availability Date
;2LIS_11_VASCL;P93_050;A; 0001; 0018;MEINS;UNIT;000003;  000000;Base Unit of Measure
;2LIS_11_VASCL;P93_050;A; 0001; 0019;TDDAT;DATS;000008;  000000;Transportation Planning Date
;2LIS_11_VASCL;P93_050;A; 0001; 0020;VRKME;UNIT;000003;  000000;Sales unit
;2LIS_11_VASCL;P93_050;A; 0001; 0021;WADAT;DATS;000008;  000000;Goods Issue Date
;2LIS_11_VASCL;P93_050;A; 0001; 0022;WLDATBE;DATS;000008;  000000;Desired del. date in confirmed schedule lines
;2LIS_11_VASCL;P93_050;A; 0001; 0023;WMENG;QUAN;000013;  000003;Order quantity in sales units
;2LIS_11_VASCL;P93_050;A; 0001; 0024;WEPOS;CHAR;000001;  000000;Confirmation status of schedule line (incl.ALE)
;2LIS_11_VASCL;P93_050;A; 0001; 0025;ANGDT;DATS;000008;  000000;Quotation/Inquiry is valid from
;2LIS_11_VASCL;P93_050;A; 0001; 0026;AUART;CHAR;000004;  000000;Sales Document Type
;2LIS_11_VASCL;P93_050;A; 0001; 0027;AUGRU;CHAR;000003;  000000;Order reason (reason for the business transaction)
;2LIS_11_VASCL;P93_050;A; 0001; 0028;BNDDT;DATS;000008;  000000;Date until which bid/quotation is binding (valid-to date)
;2LIS_11_VASCL;P93_050;A; 0001; 0029;BUKRS;CHAR;000004;  000000;Company Code
;2LIS_11_VASCL;P93_050;A; 0001; 0030;FAKSK;CHAR;000002;  000000;Billing block in SD document
;2LIS_11_VASCL;P93_050;A; 0001; 0031;HWAER;CUKY;000005;  000000;Local Currency
;2LIS_11_VASCL;P93_050;A; 0001; 0032;KUNNR;CHAR;000010;  000000;Sold-to party
;2LIS_11_VASCL;P93_050;A; 0001; 0033;KURST;CHAR;000004;  000000;Exchange Rate Type
;2LIS_11_VASCL;P93_050;A; 0001; 0034;KVGR1;CHAR;000003;  000000;Customer group 1
;2LIS_11_VASCL;P93_050;A; 0001; 0035;KVGR2;CHAR;000003;  000000;Customer group 2
;2LIS_11_VASCL;P93_050;A; 0001; 0036;KVGR3;CHAR;000003;  000000;Customer group 3
;2LIS_11_VASCL;P93_050;A; 0001; 0037;KVGR4;CHAR;000003;  000000;Customer group 4
;2LIS_11_VASCL;P93_050;A; 0001; 0038;KVGR5;CHAR;000003;  000000;Customer group 5
;2LIS_11_VASCL;P93_050;A; 0001; 0039;LIFSK;CHAR;000002;  000000;Delivery block (document header)
;2LIS_11_VASCL;P93_050;A; 0001; 0040;STWAE;CUKY;000005;  000000;Statistics currency
;2LIS_11_VASCL;P93_050;A; 0001; 0041;VBTYP;CHAR;000001;  000000;SD document category
;2LIS_11_VASCL;P93_050;A; 0001; 0042;VKBUR;CHAR;000004;  000000;Sales Office
;2LIS_11_VASCL;P93_050;A; 0001; 0043;VKGRP;CHAR;000003;  000000;Sales Group
;2LIS_11_VASCL;P93_050;A; 0001; 0044;VKORG;CHAR;000004;  000000;Sales Organization
;2LIS_11_VASCL;P93_050;A; 0001; 0045;VTWEG;CHAR;000002;  000000;Distribution Channel
;2LIS_11_VASCL;P93_050;A; 0001; 0046;ABGRU;CHAR;000002;  000000;Reason for rejection of quotations and sales orders
;2LIS_11_VASCL;P93_050;A; 0001; 0047;AEDAT;DATS;000008;  000000;Changed On
;2LIS_11_VASCL;P93_050;A; 0001; 0048;AWAHR;NUMC;000003;  000000;Order probability of the item
;2LIS_11_VASCL;P93_050;A; 0001; 0049;CHARG;CHAR;000010;  000000;Batch Number
;2LIS_11_VASCL;P93_050;A; 0001; 0050;CMKUA;DEC;000009;  000005;Credit data exchange rate for requested delivery date
;2LIS_11_VASCL;P93_050;A; 0001; 0051;EAN11;CHAR;000018;  000000;International Article Number (EAN/UPC)
;2LIS_11_VASCL;P93_050;A; 0001; 0052;ERDAT;DATS;000008;  000000;Date on Which Record Was Created
;2LIS_11_VASCL;P93_050;A; 0001; 0053;ERNAM;CHAR;000012;  000000;Name of Person who Created the Object
;2LIS_11_VASCL;P93_050;A; 0001; 0054;ERZET;TIMS;000006;  000000;Entry time
;2LIS_11_VASCL;P93_050;A; 0001; 0055;FAKSP;CHAR;000002;  000000;Billing block for item
;2LIS_11_VASCL;P93_050;A; 0001; 0056;GEWEI;UNIT;000003;  000000;Weight Unit
;2LIS_11_VASCL;P93_050;A; 0001; 0057;KMEIN;UNIT;000003;  000000;Condition unit
;2LIS_11_VASCL;P93_050;A; 0001; 0058;KPEIN;DEC;000005;  000000;Condition pricing unit
;2LIS_11_VASCL;P93_050;A; 0001; 0059;LGORT;CHAR;000004;  000000;Storage Location
;2LIS_11_VASCL;P93_050;A; 0001; 0060;MATKL;CHAR;000009;  000000;Material Group
;2LIS_11_VASCL;P93_050;A; 0001; 0061;MATNR;CHAR;000018;  000000;Material Number
;2LIS_11_VASCL;P93_050;A; 0001; 0062;MATWA;CHAR;000018;  000000;Material entered
;2LIS_11_VASCL;P93_050;A; 0001; 0063;MVGR1;CHAR;000003;  000000;Material group 1
;2LIS_11_VASCL;P93_050;A; 0001; 0064;MVGR2;CHAR;000003;  000000;Material group 2
;2LIS_11_VASCL;P93_050;A; 0001; 0065;MVGR3;CHAR;000003;  000000;Material group 3
;2LIS_11_VASCL;P93_050;A; 0001; 0066;MVGR4;CHAR;000003;  000000;Material group 4
;2LIS_11_VASCL;P93_050;A; 0001; 0067;MVGR5;CHAR;000003;  000000;Material group 5
;2LIS_11_VASCL;P93_050;A; 0001; 0068;NETPR;CURR;000011;  000002;Net price
;2LIS_11_VASCL;P93_050;A; 0001; 0069;PABLA;CHAR;000025;  000000;Unloading point of the ship-to party
;2LIS_11_VASCL;P93_050;A; 0001; 0070;PKUNRE;CHAR;000010;  000000;Bill-to party
;2LIS_11_VASCL;P93_050;A; 0001; 0071;PKUNRG;CHAR;000010;  000000;Payer
;2LIS_11_VASCL;P93_050;A; 0001; 0072;PKUNWE;CHAR;000010;  000000;Ship-to party
;2LIS_11_VASCL;P93_050;A; 0001; 0073;PRODH;CHAR;000018;  000000;Product hierarchy
;2LIS_11_VASCL;P93_050;A; 0001; 0074;PSPDNR;CHAR;000010;  000000;Forwarding agent
;2LIS_11_VASCL;P93_050;A; 0001; 0075;PSTYV;CHAR;000004;  000000;Sales document item category
;2LIS_11_VASCL;P93_050;A; 0001; 0076;PVRTNR;NUMC;000008;  000000;Sales employee
;2LIS_11_VASCL;P93_050;A; 0001; 0077;ROUTE;CHAR;000006;  000000;Route
;2LIS_11_VASCL;P93_050;A; 0001; 0078;SPART;CHAR;000002;  000000;Division
;2LIS_11_VASCL;P93_050;A; 0001; 0079;STADAT;DATS;000008;  000000;Statistics date
;2LIS_11_VASCL;P93_050;A; 0001; 0080;STCUR;DEC;000009;  000005;Exchange rate for statistics (Exch.rate at time of creation)
;2LIS_11_VASCL;P93_050;A; 0001; 0081;SUGRD;CHAR;000004;  000000;Reason for material substitution
;2LIS_11_VASCL;P93_050;A; 0001; 0082;UMVKN;DEC;000005;  000000;Denominator (Divisor) for Conversion of Sales Qty into SKU
;2LIS_11_VASCL;P93_050;A; 0001; 0083;UMVKZ;DEC;000005;  000000;Numerator (factor) for conversion of sales quantity into SKU
;2LIS_11_VASCL;P93_050;A; 0001; 0084;UMZIN;DEC;000005;  000000;Factor for converting sales units to base units (target qty)
;2LIS_11_VASCL;P93_050;A; 0001; 0085;UMZIZ;DEC;000005;  000000;Factor for converting sales units to base units (target qty)
;2LIS_11_VASCL;P93_050;A; 0001; 0086;VDATU;DATS;000008;  000000;Date of update for statistics updating
;2LIS_11_VASCL;P93_050;A; 0001; 0087;VGTYP;CHAR;000001;  000000;Document category of preceding SD document
;2LIS_11_VASCL;P93_050;A; 0001; 0088;VOLEH;UNIT;000003;  000000;Volume unit
;2LIS_11_VASCL;P93_050;A; 0001; 0089;VSTEL;CHAR;000004;  000000;Shipping Point/Receiving Point
;2LIS_11_VASCL;P93_050;A; 0001; 0090;WAERK;CUKY;000005;  000000;SD Document Currency
;2LIS_11_VASCL;P93_050;A; 0001; 0091;WERKS;CHAR;000004;  000000;Plant (Own or External)
;2LIS_11_VASCL;P93_050;A; 0001; 0092;ZIEME;UNIT;000003;  000000;Target quantity UoM
;2LIS_11_VASCL;P93_050;A; 0001; 0093;BZIRK;CHAR;000006;  000000;Sales district
;2LIS_11_VASCL;P93_050;A; 0001; 0094;FBUDA;DATS;000008;  000000;Date on which services rendered
;2LIS_11_VASCL;P93_050;A; 0001; 0095;FKDAT;DATS;000008;  000000;Billing date for billing index and printout
;2LIS_11_VASCL;P93_050;A; 0001; 0096;INCO1;CHAR;000003;  000000;Incoterms (Part 1)
;2LIS_11_VASCL;P93_050;A; 0001; 0097;INCO2;CHAR;000028;  000000;Incoterms (Part 2)
;2LIS_11_VASCL;P93_050;A; 0001; 0098;KDGRP;CHAR;000002;  000000;Customer group
;2LIS_11_VASCL;P93_050;A; 0001; 0099;KTGRD;CHAR;000002;  000000;Account assignment group for this customer
;2LIS_11_VASCL;P93_050;A; 0001; 0100;KURSK;DEC;000009;  000005;Exchange Rate for Price Determination
;2LIS_11_VASCL;P93_050;A; 0001; 0101;KURSK_DAT;DATS;000008;  000000;Translation Date
;2LIS_11_VASCL;P93_050;A; 0001; 0102;PRSDT;DATS;000008;  000000;Date for pricing and exchange rate
;2LIS_11_VASCL;P93_050;A; 0001; 0103;WAERK_VBAK;CUKY;000005;  000000;SD Document Currency
;2LIS_11_VASCL;P93_050;A; 0001; 0104;SPARA;CHAR;000002;  000000;Division for order header
;2LIS_11_VASCL;P93_050;A; 0001; 0105;VGTYP_AK;CHAR;000001;  000000;Sales Document Category of Reference Doc. in Order Header
;2LIS_11_VASCL;P93_050;A; 0001; 0106;PS_POSID;CHAR;000024;  000000;Work Breakdown Structure Element (WBS Element)
;2LIS_11_VASCL;P93_050;A; 0001; 0107;PERIV;CHAR;000002;  000000;Fiscal Year Variant
;2LIS_11_VASCL;P93_050;A; 0001; 0108;MCEX_APCAMPAIGN;CHAR;000032;  000000;Campaign of referred sales order item for BW-Extraction
;2LIS_11_VASCL;P93_050;A; 0001; 0109;APOPLANNED;CHAR;000001;  000000;Planning in APO
;2LIS_11_VASTI;P93_050;A; 0001; 0001;ROCANCEL;CHAR;000001;  000000;Indicator: Cancel Data Record
;2LIS_11_VASTI;P93_050;A; 0001; 0002;BESTA;CHAR;000001;  000000;Confirmation Status of Document Item
;2LIS_11_VASTI;P93_050;A; 0001; 0003;FKSAA;CHAR;000001;  000000;Billing Status for Order-Related Billing Documents
;2LIS_11_VASTI;P93_050;A; 0001; 0004;FKSTA;CHAR;000001;  000000;Billing status of delivery-related billing documents
;2LIS_11_VASTI;P93_050;A; 0001; 0005;GBSTA;CHAR;000001;  000000;Overall processing status of the SD document item
;2LIS_11_VASTI;P93_050;A; 0001; 0006;LFGSA;CHAR;000001;  000000;Overall delivery status of the item
;2LIS_11_VASTI;P93_050;A; 0001; 0007;LFSTA;CHAR;000001;  000000;Delivery status
;2LIS_11_VASTI;P93_050;A; 0001; 0008;POSNR;NUMC;000006;  000000;Item number of the SD document
;2LIS_11_VASTI;P93_050;A; 0001; 0009;VBELN;CHAR;000010;  000000;Sales and Distribution Document Number
;2LIS_11_VASTI;P93_050;A; 0001; 0010;VBUK_VBTYP;CHAR;000001;  000000;SD document category
;2LIS_11_VASTI;P93_050;A; 0001; 0011;ZZFKIVP;CHAR;000001;  000000;Intercompany Billing Status
;2LIS_12_VCITM;P93_050;A; 0001; 0001;ROCANCEL;CHAR;000001;  000000;Indicator: Cancel Data Record
;2LIS_12_VCITM;P93_050;A; 0001; 0002;VBELN;CHAR;000010;  000000;Sales and Distribution Document Number
;2LIS_12_VCITM;P93_050;A; 0001; 0003;CMGST;CHAR;000001;  000000;Overall status of credit checks
;2LIS_12_VCITM;P93_050;A; 0001; 0004;FKIVK;CHAR;000001;  000000;Billing totals status for intercompany billing
;2LIS_12_VCITM;P93_050;A; 0001; 0005;FSSTK;CHAR;000001;  000000;Overall billing block status
;2LIS_12_VCITM;P93_050;A; 0001; 0006;KOSTK;CHAR;000001;  000000;Overall picking / putaway status
;2LIS_12_VCITM;P93_050;A; 0001; 0007;LFGSK;CHAR;000001;  000000;Overall delivery status for all items
;2LIS_12_VCITM;P93_050;A; 0001; 0008;LFSTK;CHAR;000001;  000000;Delivery status
;2LIS_12_VCITM;P93_050;A; 0001; 0009;LSSTK;CHAR;000001;  000000;Overall delivery block status
;2LIS_12_VCITM;P93_050;A; 0001; 0010;SPSTG;CHAR;000001;  000000;Overall blocked status
;2LIS_12_VCITM;P93_050;A; 0001; 0011;TRSTA;CHAR;000001;  000000;Transportation planning status
;2LIS_12_VCITM;P93_050;A; 0001; 0012;UVALS;CHAR;000001;  000000;Total incompletion status of all items in general
;2LIS_12_VCITM;P93_050;A; 0001; 0013;UVPAS;CHAR;000001;  000000;Totals incomplete status for all items: packaging
;2LIS_12_VCITM;P93_050;A; 0001; 0014;UVPIS;CHAR;000001;  000000;Totals incomplete status for all items: Picking
;2LIS_12_VCITM;P93_050;A; 0001; 0015;UVWAS;CHAR;000001;  000000;Total incomplete status of all items: post goods movement
;2LIS_12_VCITM;P93_050;A; 0001; 0016;VBOBJ;CHAR;000001;  000000;SD document object
;2LIS_12_VCITM;P93_050;A; 0001; 0017;WBSTK;CHAR;000001;  000000;Total goods movement status
;2LIS_12_VCITM;P93_050;A; 0001; 0018;KOQUA;CHAR;000001;  000000;Confirmation status of picking/putaway
;2LIS_12_VCITM;P93_050;A; 0001; 0019;KOSTA;CHAR;000001;  000000;Picking status/Putaway status
;2LIS_12_VCITM;P93_050;A; 0001; 0020;POSNR;NUMC;000006;  000000;Item number of the SD document
;2LIS_12_VCITM;P93_050;A; 0001; 0021;WBSTA;CHAR;000001;  000000;Goods movement status
;2LIS_12_VCITM;P93_050;A; 0001; 0022;FKIVP;CHAR;000001;  000000;Intercompany Billing Status
;2LIS_12_VCITM;P93_050;A; 0001; 0023;FSSTA;CHAR;000001;  000000;Billing block status for items
;2LIS_12_VCITM;P93_050;A; 0001; 0024;LVSTA;CHAR;000001;  000000;Status of warehouse management activities
;2LIS_12_VCITM;P93_050;A; 0001; 0025;RRSTA;CHAR;000001;  000000;Revenue determination status
;2LIS_12_VCITM;P93_050;A; 0001; 0026;UVALL;CHAR;000001;  000000;General Incompletion Status of Item
;2LIS_12_VCITM;P93_050;A; 0001; 0027;UVFAK;CHAR;000001;  000000;Item Incompletion Status with Respect to Billing
;2LIS_12_VCITM;P93_050;A; 0001; 0028;UVPAK;CHAR;000001;  000000;Incomplete status of item for packaging
;2LIS_12_VCITM;P93_050;A; 0001; 0029;UVPIK;CHAR;000001;  000000;Incomplete status of item for picking/putaway
;2LIS_12_VCITM;P93_050;A; 0001; 0030;UVVLK;CHAR;000001;  000000;Incompletion status of the item with regard to delivery
;2LIS_12_VCITM;P93_050;A; 0001; 0031;UVWAK;CHAR;000001;  000000;Incomplete status of item regarding goods issue
;2LIS_12_VCITM;P93_050;A; 0001; 0032;ABLAD;CHAR;000025;  000000;Unloading Point
;2LIS_12_VCITM;P93_050;A; 0001; 0033;BUKRS;CHAR;000004;  000000;Company Code
;2LIS_12_VCITM;P93_050;A; 0001; 0034;BZIRK;CHAR;000006;  000000;Sales district
;2LIS_12_VCITM;P93_050;A; 0001; 0035;FAKSK;CHAR;000002;  000000;Billing block in SD document
;2LIS_12_VCITM;P93_050;A; 0001; 0036;INCO1;CHAR;000003;  000000;Incoterms (Part 1)
;2LIS_12_VCITM;P93_050;A; 0001; 0037;INCO2;CHAR;000028;  000000;Incoterms (Part 2)
;2LIS_12_VCITM;P93_050;A; 0001; 0038;KDGRP;CHAR;000002;  000000;Customer group
;2LIS_12_VCITM;P93_050;A; 0001; 0039;KUNAG;CHAR;000010;  000000;Sold-to party
;2LIS_12_VCITM;P93_050;A; 0001; 0040;KUNNR;CHAR;000010;  000000;Ship-to party
;2LIS_12_VCITM;P93_050;A; 0001; 0041;LFART;CHAR;000004;  000000;Delivery Type
;2LIS_12_VCITM;P93_050;A; 0001; 0042;LFDAT;DATS;000008;  000000;Delivery Date
;2LIS_12_VCITM;P93_050;A; 0001; 0043;LIFNR;CHAR;000010;  000000;Vendor Account Number
;2LIS_12_VCITM;P93_050;A; 0001; 0044;LIFSK;CHAR;000002;  000000;Delivery block (document header)
;2LIS_12_VCITM;P93_050;A; 0001; 0045;LSTEL;CHAR;000002;  000000;Loading Point
;2LIS_12_VCITM;P93_050;A; 0001; 0046;ROUTE;CHAR;000006;  000000;Route
;2LIS_12_VCITM;P93_050;A; 0001; 0047;VBTYP;CHAR;000001;  000000;SD document category
;2LIS_12_VCITM;P93_050;A; 0001; 0048;VKORG;CHAR;000004;  000000;Sales Organization
;2LIS_12_VCITM;P93_050;A; 0001; 0049;VSTEL;CHAR;000004;  000000;Shipping Point/Receiving Point
;2LIS_12_VCITM;P93_050;A; 0001; 0050;WADAT;DATS;000008;  000000;Planned goods movement date
;2LIS_12_VCITM;P93_050;A; 0001; 0051;WADAT_IST;DATS;000008;  000000;Actual Goods Movement Date
;2LIS_12_VCITM;P93_050;A; 0001; 0052;BLDAT;DATS;000008;  000000;Document Date in Document
;2LIS_12_VCITM;P93_050;A; 0001; 0053;BOLNR;CHAR;000035;  000000;Bill of lading
;2LIS_12_VCITM;P93_050;A; 0001; 0054;FKAIV;CHAR;000004;  000000;Billing type for intercompany billing
;2LIS_12_VCITM;P93_050;A; 0001; 0055;FKARV;CHAR;000004;  000000;Proposed billing type for a delivery-related billing doc.
;2LIS_12_VCITM;P93_050;A; 0001; 0056;KODAT;DATS;000008;  000000;Picking Date
;2LIS_12_VCITM;P93_050;A; 0001; 0057;KUNIV;CHAR;000010;  000000;Customer number for intercompany billing
;2LIS_12_VCITM;P93_050;A; 0001; 0058;KZWAB;CHAR;000001;  000000;Indicator for controlling goods movement
;2LIS_12_VCITM;P93_050;A; 0001; 0059;LDDAT;DATS;000008;  000000;Loading Date
;2LIS_12_VCITM;P93_050;A; 0001; 0060;PODAT;DATS;000008;  000000;Date (proof of delivery)
;2LIS_12_VCITM;P93_050;A; 0001; 0061;POTIM;TIMS;000006;  000000;Confirmation time
;2LIS_12_VCITM;P93_050;A; 0001; 0062;TCODE;CHAR;000020;  000000;Transaction Code
;2LIS_12_VCITM;P93_050;A; 0001; 0063;TDDAT;DATS;000008;  000000;Transportation Planning Date
;2LIS_12_VCITM;P93_050;A; 0001; 0064;TRAID;CHAR;000020;  000000;Means of Transport ID
;2LIS_12_VCITM;P93_050;A; 0001; 0065;TRATY;CHAR;000004;  000000;Means-of-Transport Type
;2LIS_12_VCITM;P93_050;A; 0001; 0066;TRMTYP;CHAR;000018;  000000;Means of Transport
;2LIS_12_VCITM;P93_050;A; 0001; 0067;VKOIV;CHAR;000004;  000000;Sales organization for intercompany billing
;2LIS_12_VCITM;P93_050;A; 0001; 0068;VSBED;CHAR;000002;  000000;Shipping Conditions
;2LIS_12_VCITM;P93_050;A; 0001; 0069;VTWIV;CHAR;000002;  000000;Distribution channel for intercompany billing
;2LIS_12_VCITM;P93_050;A; 0001; 0070;XABLN;CHAR;000010;  000000;Goods Receipt/Issue Slip Number
;2LIS_12_VCITM;P93_050;A; 0001; 0071;AEDAT;DATS;000008;  000000;Changed On
;2LIS_12_VCITM;P93_050;A; 0001; 0072;AKTNR;CHAR;000010;  000000;Promotion
;2LIS_12_VCITM;P93_050;A; 0001; 0073;BRGEW;QUAN;000015;  000003;Gross weight
;2LIS_12_VCITM;P93_050;A; 0001; 0074;BWAPPLNM;CHAR;000030;  000000;Application Component
;2LIS_12_VCITM;P93_050;A; 0001; 0075;BWVORG;NUMC;000003;  000000;SAP BW transaction key
;2LIS_12_VCITM;P93_050;A; 0001; 0076;CHARG;CHAR;000010;  000000;Batch Number
;2LIS_12_VCITM;P93_050;A; 0001; 0077;EAN11;CHAR;000018;  000000;International Article Number (EAN/UPC)
;2LIS_12_VCITM;P93_050;A; 0001; 0078;ERDAT;DATS;000008;  000000;Date on Which Record Was Created
;2LIS_12_VCITM;P93_050;A; 0001; 0079;ERNAM;CHAR;000012;  000000;Name of Person who Created the Object
;2LIS_12_VCITM;P93_050;A; 0001; 0080;ERZET;TIMS;000006;  000000;Entry time
;2LIS_12_VCITM;P93_050;A; 0001; 0081;FAKSP;CHAR;000002;  000000;Block
;2LIS_12_VCITM;P93_050;A; 0001; 0082;GEWEI;UNIT;000003;  000000;Weight Unit
;2LIS_12_VCITM;P93_050;A; 0001; 0083;GSBER;CHAR;000004;  000000;Business Area
;2LIS_12_VCITM;P93_050;A; 0001; 0084;KOMKZ;CHAR;000001;  000000;Indicator for picking control
;2LIS_12_VCITM;P93_050;A; 0001; 0085;KVGR1;CHAR;000003;  000000;Customer group 1
;2LIS_12_VCITM;P93_050;A; 0001; 0086;KVGR2;CHAR;000003;  000000;Customer group 2
;2LIS_12_VCITM;P93_050;A; 0001; 0087;KVGR3;CHAR;000003;  000000;Customer group 3
;2LIS_12_VCITM;P93_050;A; 0001; 0088;KVGR4;CHAR;000003;  000000;Customer group 4
;2LIS_12_VCITM;P93_050;A; 0001; 0089;KVGR5;CHAR;000003;  000000;Customer group 5
;2LIS_12_VCITM;P93_050;A; 0001; 0090;KZVBR;CHAR;000001;  000000;Consumption Posting
;2LIS_12_VCITM;P93_050;A; 0001; 0091;LFIMG;QUAN;000013;  000003;Actual quantity delivered (in sales units)
;2LIS_12_VCITM;P93_050;A; 0001; 0092;LGMNG;QUAN;000013;  000003;Actual quantity delivered in stockkeeping units
;2LIS_12_VCITM;P93_050;A; 0001; 0093;LGNUM;CHAR;000003;  000000;Warehouse Number / Warehouse Complex
;2LIS_12_VCITM;P93_050;A; 0001; 0094;LGORT;CHAR;000004;  000000;Storage Location
;2LIS_12_VCITM;P93_050;A; 0001; 0095;LGPLA;CHAR;000010;  000000;Storage Bin
;2LIS_12_VCITM;P93_050;A; 0001; 0096;LGTYP;CHAR;000003;  000000;Storage Type
;2LIS_12_VCITM;P93_050;A; 0001; 0097;MATKL;CHAR;000009;  000000;Material Group
;2LIS_12_VCITM;P93_050;A; 0001; 0098;MATNR;CHAR;000018;  000000;Material Number
;2LIS_12_VCITM;P93_050;A; 0001; 0099;MATWA;CHAR;000018;  000000;Material entered
;2LIS_12_VCITM;P93_050;A; 0001; 0100;MEINS;UNIT;000003;  000000;Base Unit of Measure
;2LIS_12_VCITM;P93_050;A; 0001; 0101;MVGR1;CHAR;000003;  000000;Material group 1
;2LIS_12_VCITM;P93_050;A; 0001; 0102;MVGR2;CHAR;000003;  000000;Material group 2
;2LIS_12_VCITM;P93_050;A; 0001; 0103;MVGR3;CHAR;000003;  000000;Material group 3
;2LIS_12_VCITM;P93_050;A; 0001; 0104;MVGR4;CHAR;000003;  000000;Material group 4
;2LIS_12_VCITM;P93_050;A; 0001; 0105;MVGR5;CHAR;000003;  000000;Material group 5
;2LIS_12_VCITM;P93_050;A; 0001; 0106;NTGEW;QUAN;000015;  000003;Net weight
;2LIS_12_VCITM;P93_050;A; 0001; 0107;PKUNRE;CHAR;000010;  000000;Bill-to party
;2LIS_12_VCITM;P93_050;A; 0001; 0108;PKUNRG;CHAR;000010;  000000;Payer
;2LIS_12_VCITM;P93_050;A; 0001; 0109;POSAR;CHAR;000001;  000000;Item type
;2LIS_12_VCITM;P93_050;A; 0001; 0110;PRODH;CHAR;000018;  000000;Product hierarchy
;2LIS_12_VCITM;P93_050;A; 0001; 0111;PSPDNR;CHAR;000010;  000000;Forwarding agent
;2LIS_12_VCITM;P93_050;A; 0001; 0112;PSTYV;CHAR;000004;  000000;Delivery item category
;2LIS_12_VCITM;P93_050;A; 0001; 0113;PVRTNR;NUMC;000008;  000000;Sales employee
;2LIS_12_VCITM;P93_050;A; 0001; 0114;STADAT;DATS;000008;  000000;Statistics date
;2LIS_12_VCITM;P93_050;A; 0001; 0115;UMVKN;DEC;000005;  000000;Denominator (Divisor) for Conversion of Sales Qty into SKU
;2LIS_12_VCITM;P93_050;A; 0001; 0116;UMVKZ;DEC;000005;  000000;Numerator (factor) for conversion of sales quantity into SKU
;2LIS_12_VCITM;P93_050;A; 0001; 0117;VBEAF;DEC;000005;  000002;Fixed shipping processing time in days (= setup time)
;2LIS_12_VCITM;P93_050;A; 0001; 0118;VBEAV;DEC;000005;  000002;Variable shipping processing time in days
;2LIS_12_VCITM;P93_050;A; 0001; 0119;VDATU;DATS;000008;  000000;Date of update for statistics updating
;2LIS_12_VCITM;P93_050;A; 0001; 0120;VGBEL;CHAR;000010;  000000;Document number of the reference document
;2LIS_12_VCITM;P93_050;A; 0001; 0121;VGPOS;NUMC;000006;  000000;Item number of the reference item
;2LIS_12_VCITM;P93_050;A; 0001; 0122;VGTYP;CHAR;000001;  000000;SD document category
;2LIS_12_VCITM;P93_050;A; 0001; 0123;VKBUR;CHAR;000004;  000000;Sales Office
;2LIS_12_VCITM;P93_050;A; 0001; 0124;VKGRP;CHAR;000003;  000000;Sales Group
;2LIS_12_VCITM;P93_050;A; 0001; 0125;VOLEH;UNIT;000003;  000000;Volume unit
;2LIS_12_VCITM;P93_050;A; 0001; 0126;VOLUM;QUAN;000015;  000003;Volume
;2LIS_12_VCITM;P93_050;A; 0001; 0127;VRKME;UNIT;000003;  000000;Sales unit
;2LIS_12_VCITM;P93_050;A; 0001; 0128;VTWEG;CHAR;000002;  000000;Distribution Channel
;2LIS_12_VCITM;P93_050;A; 0001; 0129;WERKS;CHAR;000004;  000000;Plant
;2LIS_12_VCITM;P93_050;A; 0001; 0130;ABTNR;CHAR;000004;  000000;Department number
;2LIS_12_VCITM;P93_050;A; 0001; 0131;BWART;CHAR;000003;  000000;Movement Type (Inventory Management)
;2LIS_12_VCITM;P93_050;A; 0001; 0132;BWTAR;CHAR;000010;  000000;Valuation Type
;2LIS_12_VCITM;P93_050;A; 0001; 0133;FKREL;CHAR;000001;  000000;Relevant for Billing
;2LIS_12_VCITM;P93_050;A; 0001; 0134;KNTTP;CHAR;000001;  000000;Account Assignment Category
;2LIS_12_VCITM;P93_050;A; 0001; 0135;KOKRS;CHAR;000004;  000000;Controlling Area
;2LIS_12_VCITM;P93_050;A; 0001; 0136;KONTO;CHAR;000010;  000000;G/L Account Number
;2LIS_12_VCITM;P93_050;A; 0001; 0137;KOSTL;CHAR;000010;  000000;Cost Center
;2LIS_12_VCITM;P93_050;A; 0001; 0138;KZBEW;CHAR;000001;  000000;Movement Indicator
;2LIS_12_VCITM;P93_050;A; 0001; 0139;KZTLF;CHAR;000001;  000000;Partial delivery at item level
;2LIS_12_VCITM;P93_050;A; 0001; 0140;KZUML;CHAR;000001;  000000;Stock transfer/transfer posting
;2LIS_12_VCITM;P93_050;A; 0001; 0141;LLAND;CHAR;000003;  000000;Country of Destination
;2LIS_12_VCITM;P93_050;A; 0001; 0142;MBDAT;DATS;000008;  000000;Material Staging/Availability Date
;2LIS_12_VCITM;P93_050;A; 0001; 0143;NOPCK;CHAR;000001;  000000;Indicator: not relevant for picking
;2LIS_12_VCITM;P93_050;A; 0001; 0144;NOWAB;CHAR;000001;  000000;Indicator: Item Not Relevant for Goods Movements
;2LIS_12_VCITM;P93_050;A; 0001; 0145;PRCTR;CHAR;000010;  000000;Profit Center
;2LIS_12_VCITM;P93_050;A; 0001; 0146;SHKZG;CHAR;000001;  000000;Returns Item
;2LIS_12_VCITM;P93_050;A; 0001; 0147;UECHA;NUMC;000006;  000000;Higher-Level Item of Batch Split Item
;2LIS_12_VCITM;P93_050;A; 0001; 0148;UMBSQ;CHAR;000001;  000000;Stock Category in the Warehouse Management System
;2LIS_12_VCITM;P93_050;A; 0001; 0149;UMLGO;CHAR;000004;  000000;Receiving/Issuing Storage Location
;2LIS_12_VCITM;P93_050;A; 0001; 0150;UMSOK;CHAR;000001;  000000;Special Stock Indicator for Physical Stock Transfer
;2LIS_12_VCITM;P93_050;A; 0001; 0151;UMWRK;CHAR;000004;  000000;Receiving/Issuing Plant
;2LIS_12_VCITM;P93_050;A; 0001; 0152;USONU;CHAR;000016;  000000;Special Stock Number
;2LIS_12_VCITM;P93_050;A; 0001; 0153;ANZLIPOS;DEC;000009;  000000;Number of delivery items
;2LIS_12_VCITM;P93_050;A; 0001; 0154;SPARA;CHAR;000002;  000000;Division for order header
;2LIS_12_VCITM;P93_050;A; 0001; 0155;PS_POSID;CHAR;000024;  000000;Work Breakdown Structure Element (WBS Element)
;2LIS_12_VCITM;P93_050;A; 0001; 0156;PERIV;CHAR;000002;  000000;Fiscal Year Variant
;2LIS_12_VCITM;P93_050;A; 0001; 0157;WA_DELAY_LF;DEC;000009;  000000;BW Extraction LE: Actual GI Delay - GI Date for Delivery
;2LIS_12_VCITM;P93_050;A; 0001; 0159;ZZFKSTA;CHAR;000001;  000000;Billing status of delivery-related billing documents
;2LIS_12_VCITM;P93_050;A; 0001; 0160;ZZFKIVP;CHAR;000001;  000000;Intercompany Billing Status
;2LIS_13_VDITM;P93_050;A; 0001; 0001;ROCANCEL;CHAR;000001;  000000;Indicator: Cancel Data Record
;2LIS_13_VDITM;P93_050;A; 0001; 0002;VBELN;CHAR;000010;  000000;Sales and Distribution Document Number
;2LIS_13_VDITM;P93_050;A; 0001; 0003;BUCHK;CHAR;000001;  000000;Posting Status of Billing Document
;2LIS_13_VDITM;P93_050;A; 0001; 0004;FKIVK;CHAR;000001;  000000;Billing totals status for intercompany billing
;2LIS_13_VDITM;P93_050;A; 0001; 0005;FKSAK;CHAR;000001;  000000;Billing status (order-related billing document)
;2LIS_13_VDITM;P93_050;A; 0001; 0006;FKSTK;CHAR;000001;  000000;Billing status
;2LIS_13_VDITM;P93_050;A; 0001; 0007;FSSTK;CHAR;000001;  000000;Overall billing block status
;2LIS_13_VDITM;P93_050;A; 0001; 0008;GBSTK;CHAR;000001;  000000;Overall processing status of document
;2LIS_13_VDITM;P93_050;A; 0001; 0009;UVFAS;CHAR;000001;  000000;Total incompletion status of all items: Billing
;2LIS_13_VDITM;P93_050;A; 0001; 0010;POSNR;NUMC;000006;  000000;Item number of the SD document
;2LIS_13_VDITM;P93_050;A; 0001; 0011;AEDAT;DATS;000008;  000000;Changed On
;2LIS_13_VDITM;P93_050;A; 0001; 0012;BUKRS;CHAR;000004;  000000;Company Code
;2LIS_13_VDITM;P93_050;A; 0001; 0013;BZIRK;CHAR;000006;  000000;Sales district
;2LIS_13_VDITM;P93_050;A; 0001; 0014;FKART;CHAR;000004;  000000;Billing Type
;2LIS_13_VDITM;P93_050;A; 0001; 0015;FKDAT;DATS;000008;  000000;Billing date for billing index and printout
;2LIS_13_VDITM;P93_050;A; 0001; 0016;FKTYP;CHAR;000001;  000000;Billing category
;2LIS_13_VDITM;P93_050;A; 0001; 0017;HWAER;CUKY;000005;  000000;Local Currency
;2LIS_13_VDITM;P93_050;A; 0001; 0018;KDGRP;CHAR;000002;  000000;Customer group
;2LIS_13_VDITM;P93_050;A; 0001; 0019;KUNAG;CHAR;000010;  000000;Sold-to party
;2LIS_13_VDITM;P93_050;A; 0001; 0020;KUNRG;CHAR;000010;  000000;Payer
;2LIS_13_VDITM;P93_050;A; 0001; 0021;KURRF;DEC;000009;  000005;Exchange rate for FI postings
;2LIS_13_VDITM;P93_050;A; 0001; 0022;KURST;CHAR;000004;  000000;Exchange Rate Type
;2LIS_13_VDITM;P93_050;A; 0001; 0023;STWAE;CUKY;000005;  000000;Statistics currency
;2LIS_13_VDITM;P93_050;A; 0001; 0024;VBTYP;CHAR;000001;  000000;SD document category
;2LIS_13_VDITM;P93_050;A; 0001; 0025;VKORG;CHAR;000004;  000000;Sales Organization
;2LIS_13_VDITM;P93_050;A; 0001; 0026;VTWEG;CHAR;000002;  000000;Distribution Channel
;2LIS_13_VDITM;P93_050;A; 0001; 0027;WAERK;CUKY;000005;  000000;SD Document Currency
;2LIS_13_VDITM;P93_050;A; 0001; 0028;FKSTO;CHAR;000001;  000000;Billing document is cancelled
;2LIS_13_VDITM;P93_050;A; 0001; 0029;KTGRD;CHAR;000002;  000000;Account assignment group for this customer
;2LIS_13_VDITM;P93_050;A; 0001; 0030;LAND1;CHAR;000003;  000000;Country of Destination
;2LIS_13_VDITM;P93_050;A; 0001; 0031;REGIO;CHAR;000003;  000000;Region (State, Province, County)
;2LIS_13_VDITM;P93_050;A; 0001; 0032;RFBSK;CHAR;000001;  000000;Status for transfer to accounting
;2LIS_13_VDITM;P93_050;A; 0001; 0033;SFAKN;CHAR;000010;  000000;Cancelled billing document number
;2LIS_13_VDITM;P93_050;A; 0001; 0034;VBUND;CHAR;000006;  000000;Company ID of Trading Partner
;2LIS_13_VDITM;P93_050;A; 0001; 0035;AKTNR;CHAR;000010;  000000;Promotion
;2LIS_13_VDITM;P93_050;A; 0001; 0036;AUBEL;CHAR;000010;  000000;Sales Document
;2LIS_13_VDITM;P93_050;A; 0001; 0037;AUPOS;NUMC;000006;  000000;Sales Document Item
;2LIS_13_VDITM;P93_050;A; 0001; 0038;BONBA;CURR;000013;  000002;Rebate basis 1
;2LIS_13_VDITM;P93_050;A; 0001; 0039;BONUS;CHAR;000002;  000000;Volume rebate group
;2LIS_13_VDITM;P93_050;A; 0001; 0040;BRGEW;QUAN;000015;  000003;Gross weight
;2LIS_13_VDITM;P93_050;A; 0001; 0041;BRTWR;CURR;000015;  000002;Gross value of the billing item in document currency
;2LIS_13_VDITM;P93_050;A; 0001; 0042;BWAPPLNM;CHAR;000030;  000000;Application Component
;2LIS_13_VDITM;P93_050;A; 0001; 0043;BWVORG;NUMC;000003;  000000;SAP BW transaction key
;2LIS_13_VDITM;P93_050;A; 0001; 0044;CHARG;CHAR;000010;  000000;Batch Number
;2LIS_13_VDITM;P93_050;A; 0001; 0045;EAN11;CHAR;000018;  000000;International Article Number (EAN/UPC)
;2LIS_13_VDITM;P93_050;A; 0001; 0046;ERDAT;DATS;000008;  000000;Date on Which Record Was Created
;2LIS_13_VDITM;P93_050;A; 0001; 0047;FAREG;CHAR;000001;  000000;Rule in billing plan/invoice plan
;2LIS_13_VDITM;P93_050;A; 0001; 0048;FBUDA;DATS;000008;  000000;Date on which services rendered
;2LIS_13_VDITM;P93_050;A; 0001; 0049;FKIMG;QUAN;000013;  000003;Actual Invoiced Quantity
;2LIS_13_VDITM;P93_050;A; 0001; 0050;FKLMG;QUAN;000013;  000003;Billing quantity in stockkeeping unit
;2LIS_13_VDITM;P93_050;A; 0001; 0051;GEWEI;UNIT;000003;  000000;Weight Unit
;2LIS_13_VDITM;P93_050;A; 0001; 0052;KNUMA_AG;CHAR;000010;  000000;Sales deal
;2LIS_13_VDITM;P93_050;A; 0001; 0053;KOKRS;CHAR;000004;  000000;Controlling Area
;2LIS_13_VDITM;P93_050;A; 0001; 0054;KOSTL;CHAR;000010;  000000;Cost Center
;2LIS_13_VDITM;P93_050;A; 0001; 0055;KURSK;DEC;000009;  000005;Exchange Rate for Price Determination
;2LIS_13_VDITM;P93_050;A; 0001; 0056;KURSK_DAT;DATS;000008;  000000;Translation Date
;2LIS_13_VDITM;P93_050;A; 0001; 0057;KVGR1;CHAR;000003;  000000;Customer group 1
;2LIS_13_VDITM;P93_050;A; 0001; 0058;KVGR2;CHAR;000003;  000000;Customer group 2
;2LIS_13_VDITM;P93_050;A; 0001; 0059;KVGR3;CHAR;000003;  000000;Customer group 3
;2LIS_13_VDITM;P93_050;A; 0001; 0060;KVGR4;CHAR;000003;  000000;Customer group 4
;2LIS_13_VDITM;P93_050;A; 0001; 0061;KVGR5;CHAR;000003;  000000;Customer group 5
;2LIS_13_VDITM;P93_050;A; 0001; 0062;KZWI1;CURR;000013;  000002;Subtotal 1 from pricing procedure for condition
;2LIS_13_VDITM;P93_050;A; 0001; 0063;KZWI2;CURR;000013;  000002;Subtotal 2 from pricing procedure for condition
;2LIS_13_VDITM;P93_050;A; 0001; 0064;KZWI3;CURR;000013;  000002;Subtotal 3 from pricing procedure for condition
;2LIS_13_VDITM;P93_050;A; 0001; 0065;KZWI4;CURR;000013;  000002;Subtotal 4 from pricing procedure for condition
;2LIS_13_VDITM;P93_050;A; 0001; 0066;KZWI5;CURR;000013;  000002;Subtotal 5 from pricing procedure for condition
;2LIS_13_VDITM;P93_050;A; 0001; 0067;KZWI6;CURR;000013;  000002;Subtotal 6 from pricing procedure for condition
;2LIS_13_VDITM;P93_050;A; 0001; 0068;LGORT;CHAR;000004;  000000;Storage Location
;2LIS_13_VDITM;P93_050;A; 0001; 0069;LMENG;QUAN;000013;  000003;Required quantity for mat.management in stockkeeping units
;2LIS_13_VDITM;P93_050;A; 0001; 0070;MATKL;CHAR;000009;  000000;Material Group
;2LIS_13_VDITM;P93_050;A; 0001; 0071;MATNR;CHAR;000018;  000000;Material Number
;2LIS_13_VDITM;P93_050;A; 0001; 0072;MATWA;CHAR;000018;  000000;Material entered
;2LIS_13_VDITM;P93_050;A; 0001; 0073;MEINS;UNIT;000003;  000000;Base Unit of Measure
;2LIS_13_VDITM;P93_050;A; 0001; 0074;MVGR1;CHAR;000003;  000000;Material group 1
;2LIS_13_VDITM;P93_050;A; 0001; 0075;MVGR2;CHAR;000003;  000000;Material group 2
;2LIS_13_VDITM;P93_050;A; 0001; 0076;MVGR3;CHAR;000003;  000000;Material group 3
;2LIS_13_VDITM;P93_050;A; 0001; 0077;MVGR4;CHAR;000003;  000000;Material group 4
;2LIS_13_VDITM;P93_050;A; 0001; 0078;MVGR5;CHAR;000003;  000000;Material group 5
;2LIS_13_VDITM;P93_050;A; 0001; 0079;MWSBP;CURR;000013;  000002;Tax amount in document currency
;2LIS_13_VDITM;P93_050;A; 0001; 0080;NETWR;CURR;000015;  000002;Net value of the billing item in document currency
;2LIS_13_VDITM;P93_050;A; 0001; 0081;NTGEW;QUAN;000015;  000003;Net weight
;2LIS_13_VDITM;P93_050;A; 0001; 0082;PKUNRE;CHAR;000010;  000000;Bill-to party
;2LIS_13_VDITM;P93_050;A; 0001; 0083;PKUNWE;CHAR;000010;  000000;Ship-to party
;2LIS_13_VDITM;P93_050;A; 0001; 0084;POSAR;CHAR;000001;  000000;Item type
;2LIS_13_VDITM;P93_050;A; 0001; 0085;PRODH;CHAR;000018;  000000;Product hierarchy
;2LIS_13_VDITM;P93_050;A; 0001; 0086;PROVG;CHAR;000002;  000000;Commission group
;2LIS_13_VDITM;P93_050;A; 0001; 0087;PRSDT;DATS;000008;  000000;Date for pricing and exchange rate
;2LIS_13_VDITM;P93_050;A; 0001; 0088;PSTYV;CHAR;000004;  000000;Sales document item category
;2LIS_13_VDITM;P93_050;A; 0001; 0089;PVRTNR;NUMC;000008;  000000;Sales employee
;2LIS_13_VDITM;P93_050;A; 0001; 0090;SKFBP;CURR;000013;  000002;Amount eligible for cash discount in document currency
;2LIS_13_VDITM;P93_050;A; 0001; 0091;SMENG;QUAN;000013;  000003;Scale quantity in base unit of measure
;2LIS_13_VDITM;P93_050;A; 0001; 0092;SPARA;CHAR;000002;  000000;Division for order header
;2LIS_13_VDITM;P93_050;A; 0001; 0093;SPART;CHAR;000002;  000000;Division
;2LIS_13_VDITM;P93_050;A; 0001; 0094;STADAT;DATS;000008;  000000;Statistics date
;2LIS_13_VDITM;P93_050;A; 0001; 0095;STCUR;DEC;000009;  000005;Exchange rate for statistics (Exch.rate at time of creation)
;2LIS_13_VDITM;P93_050;A; 0001; 0096;UMVKN;DEC;000005;  000000;Denominator (Divisor) for Conversion of Sales Qty into SKU
;2LIS_13_VDITM;P93_050;A; 0001; 0097;UMVKZ;DEC;000005;  000000;Numerator (factor) for conversion of sales quantity into SKU
;2LIS_13_VDITM;P93_050;A; 0001; 0098;VDATU;DATS;000008;  000000;Date of update for statistics updating
;2LIS_13_VDITM;P93_050;A; 0001; 0099;VGBEL;CHAR;000010;  000000;Document number of the reference document
;2LIS_13_VDITM;P93_050;A; 0001; 0100;VGPOS;NUMC;000006;  000000;Item number of the reference item
;2LIS_13_VDITM;P93_050;A; 0001; 0101;VKBUR;CHAR;000004;  000000;Sales Office
;2LIS_13_VDITM;P93_050;A; 0001; 0102;VKGRP;CHAR;000003;  000000;Sales Group
;2LIS_13_VDITM;P93_050;A; 0001; 0103;VOLEH;UNIT;000003;  000000;Volume unit
;2LIS_13_VDITM;P93_050;A; 0001; 0104;VOLUM;QUAN;000015;  000003;Volume
;2LIS_13_VDITM;P93_050;A; 0001; 0105;VRKME;UNIT;000003;  000000;Sales unit
;2LIS_13_VDITM;P93_050;A; 0001; 0106;VSTEL;CHAR;000004;  000000;Shipping Point/Receiving Point
;2LIS_13_VDITM;P93_050;A; 0001; 0107;WAVWR;CURR;000013;  000002;Cost in document currency
;2LIS_13_VDITM;P93_050;A; 0001; 0108;WERKS;CHAR;000004;  000000;Plant
;2LIS_13_VDITM;P93_050;A; 0001; 0109;KTGRM;CHAR;000002;  000000;Account assignment group for this material
;2LIS_13_VDITM;P93_050;A; 0001; 0110;POSNV;NUMC;000006;  000000;Originating item
;2LIS_13_VDITM;P93_050;A; 0001; 0111;PRCTR;CHAR;000010;  000000;Profit Center
;2LIS_13_VDITM;P93_050;A; 0001; 0112;SHKZG;CHAR;000001;  000000;Returns item
;2LIS_13_VDITM;P93_050;A; 0001; 0113;UVALL;CHAR;000001;  000000;Generally incomplete
;2LIS_13_VDITM;P93_050;A; 0001; 0114;PS_POSID;CHAR;000024;  000000;Work Breakdown Structure Element (WBS Element)
;2LIS_13_VDITM;P93_050;A; 0001; 0115;ANZFKPOS;DEC;000009;  000000;Number of billing items
;2LIS_13_VDITM;P93_050;A; 0001; 0116;PERIV;CHAR;000002;  000000;Fiscal Year Variant
;2LIS_13_VDITM;P93_050;A; 0001; 0117;MCEX_APCAMPAIGN;CHAR;000032;  000000;Campaign of referred sales order item for BW-Extraction
;2LIS_13_VDITM;P93_050;A; 0001; 0118;ZZFKSTA;CHAR;000001;  000000;Billing status of delivery-related billing documents
;2LIS_13_VDITM;P93_050;A; 0001; 0119;ZZFKIVP;CHAR;000001;  000000;Intercompany Billing Status
;2LIS_13_VDITM;P93_050;A; 0001; 0120;ZZBNAME;CHAR;000035;  000000;Name of orderer
;2LIS_13_VDITM;P93_050;A; 0001; 0121;ZZBSTKD;CHAR;000035;  000000;Customer purchase order number
;2LIS_13_VDITM;P93_050;A; 0001; 0122;ZZIHREZ;CHAR;000012;  000000;Your Reference
;2LIS_13_VDITM;P93_050;A; 0001; 0123;ZZBSTKD_E;CHAR;000035;  000000;Ship-to Party's Purchase Order Number
;2LIS_13_VDITM;P93_050;A; 0001; 0124;ZZBSTDK;DATS;000008;  000000;Customer purchase order date